id_adm_provinsi,nama,lon,lat,kategori,record_no,source_url,retrieved_at_utc
"31","Cipta 2","106.8259533","-6.2558647","hotel","1","https://regionalinvestment.bkpm.go.id/be/daerah/get_hotel_by_prov/31?_t=1789889629722","2026-09-20T07:56:13.526285+00:00"
"31","F HOTEL JAKARTA","106.795435","-6.2470688","hotel","2","https://regionalinvestment.bkpm.go.id/be/daerah/get_hotel_by_prov/31?_t=1789889629722","2026-09-20T07:56:13.526285+00:00"
"31","FAVE HOTEL","106.8101583","-6.2564019","hotel","3","https://regionalinvestment.bkpm.go.id/be/daerah/get_hotel_by_prov/31?_t=1789889629722","2026-09-20T07:56:13.526285+00:00"
"31","Hotel Sultan","106.809361011392","-6.21836416571088","hotel","4","https://regionalinvestment.bkpm.go.id/be/daerah/get_hotel_by_prov/31?_t=1789889629722","2026-09-20T07:56:13.526285+00:00"
"31","Hotel Diradja","106.8203154","-6.239822686","hotel","5","https://regionalinvestment.bkpm.go.id/be/daerah/get_hotel_by_prov/31?_t=1789889629722","2026-09-20T07:56:13.526285+00:00"
"31","Hotel Kristal","106.791041022455","-6.28336044020164","hotel","6","https://regionalinvestment.bkpm.go.id/be/daerah/get_hotel_by_prov/31?_t=1789889629722","2026-09-20T07:56:13.526285+00:00"
"31","Veranda Hotel Pakubuwono","106.785672","-6.239513392","hotel","7","https://regionalinvestment.bkpm.go.id/be/daerah/get_hotel_by_prov/31?_t=1789889629722","2026-09-20T07:56:13.526285+00:00"
"31","Aston Priority Simatupang","106.8346273","-6.301036393","hotel","8","https://regionalinvestment.bkpm.go.id/be/daerah/get_hotel_by_prov/31?_t=1789889629722","2026-09-20T07:56:13.526285+00:00"
"31","Cipta Hotel Pancoran","106.843412","-6.247141864","hotel","9","https://regionalinvestment.bkpm.go.id/be/daerah/get_hotel_by_prov/31?_t=1789889629722","2026-09-20T07:56:13.526285+00:00"
"31","Amaris Hotel Pancoran","106.8429882","-6.247392494","hotel","10","https://regionalinvestment.bkpm.go.id/be/daerah/get_hotel_by_prov/31?_t=1789889629722","2026-09-20T07:56:13.526285+00:00"
"31","Saré Hotel","106.8021825","-6.241604901","hotel","11","https://regionalinvestment.bkpm.go.id/be/daerah/get_hotel_by_prov/31?_t=1789889629722","2026-09-20T07:56:13.526285+00:00"
"31","Gran Mahakam Hotel","106.7932287","-6.244361","hotel","12","https://regionalinvestment.bkpm.go.id/be/daerah/get_hotel_by_prov/31?_t=1789889629722","2026-09-20T07:56:13.526285+00:00"
"31","Gran Melia Jakarta","106.827884","-6.2345001","hotel","13","https://regionalinvestment.bkpm.go.id/be/daerah/get_hotel_by_prov/31?_t=1789889629722","2026-09-20T07:56:13.526285+00:00"
"31","Hotel Ambhara","106.8011911","-6.2432878","hotel","14","https://regionalinvestment.bkpm.go.id/be/daerah/get_hotel_by_prov/31?_t=1789889629722","2026-09-20T07:56:13.526285+00:00"
"31","Hotel Bidakara","106.839713","-6.2403324","hotel","15","https://regionalinvestment.bkpm.go.id/be/daerah/get_hotel_by_prov/31?_t=1789889629722","2026-09-20T07:56:13.526285+00:00"
"31","Hotel Dharmawangsa","106.8027199","-6.2532372","hotel","16","https://regionalinvestment.bkpm.go.id/be/daerah/get_hotel_by_prov/31?_t=1789889629722","2026-09-20T07:56:13.526285+00:00"
"31","Hotel Grand Flora","106.8129273","-6.2562","hotel","17","https://regionalinvestment.bkpm.go.id/be/daerah/get_hotel_by_prov/31?_t=1789889629722","2026-09-20T07:56:13.526285+00:00"
"31","Hotel Grand Kemang","106.8085865","-6.2553604","hotel","18","https://regionalinvestment.bkpm.go.id/be/daerah/get_hotel_by_prov/31?_t=1789889629722","2026-09-20T07:56:13.526285+00:00"
"31","Hotel JW Marriott","106.8248302","-6.2274616","hotel","19","https://regionalinvestment.bkpm.go.id/be/daerah/get_hotel_by_prov/31?_t=1789889629722","2026-09-20T07:56:13.526285+00:00"
"31","Hotel Kartika Chandra","106.8168063","-6.227356","hotel","20","https://regionalinvestment.bkpm.go.id/be/daerah/get_hotel_by_prov/31?_t=1789889629722","2026-09-20T07:56:13.526285+00:00"
"31","Hotel Kemang Icon","106.8128166","-6.2555302","hotel","21","https://regionalinvestment.bkpm.go.id/be/daerah/get_hotel_by_prov/31?_t=1789889629722","2026-09-20T07:56:13.526285+00:00"
"31","Hotel Melawai","106.7974033","-6.2457748","hotel","22","https://regionalinvestment.bkpm.go.id/be/daerah/get_hotel_by_prov/31?_t=1789889629722","2026-09-20T07:56:13.526285+00:00"
"31","Hotel Park Lane","106.8376134","-6.2243293","hotel","23","https://regionalinvestment.bkpm.go.id/be/daerah/get_hotel_by_prov/31?_t=1789889629722","2026-09-20T07:56:13.526285+00:00"
"31","Hotel Ritz Carlton","106.8096727","-6.2259143","hotel","24","https://regionalinvestment.bkpm.go.id/be/daerah/get_hotel_by_prov/31?_t=1789889629722","2026-09-20T07:56:13.526285+00:00"
"31","Raffles Jakarta","106.8218064","-6.22448","hotel","25","https://regionalinvestment.bkpm.go.id/be/daerah/get_hotel_by_prov/31?_t=1789889629722","2026-09-20T07:56:13.526285+00:00"
"31","Hotel Sofyan Tebet","106.844722889364","-6.2369208841809","hotel","26","https://regionalinvestment.bkpm.go.id/be/daerah/get_hotel_by_prov/31?_t=1789889629722","2026-09-20T07:56:13.526285+00:00"
"31","Hotel The Park Lan","106.8376134","-6.2243293","hotel","27","https://regionalinvestment.bkpm.go.id/be/daerah/get_hotel_by_prov/31?_t=1789889629722","2026-09-20T07:56:13.526285+00:00"
"31","InterContinental Jakarta MidPlaza Hotel","106.820602574097","-6.20897822836113","hotel","28","https://regionalinvestment.bkpm.go.id/be/daerah/get_hotel_by_prov/31?_t=1789889629722","2026-09-20T07:56:13.526285+00:00"
"31","POP! Hotel Tebet","106.8449465","-6.232946766","hotel","29","https://regionalinvestment.bkpm.go.id/be/daerah/get_hotel_by_prov/31?_t=1789889629722","2026-09-20T07:56:13.526285+00:00"
"31","POP! Hotel Kemang","106.8090555","-6.254887169","hotel","30","https://regionalinvestment.bkpm.go.id/be/daerah/get_hotel_by_prov/31?_t=1789889629722","2026-09-20T07:56:13.526285+00:00"
"31","Aston Rasuna Residence","106.8344203","-6.219456","hotel","31","https://regionalinvestment.bkpm.go.id/be/daerah/get_hotel_by_prov/31?_t=1789889629722","2026-09-20T07:56:13.526285+00:00"
"31","Hotel Harris Tebet","106.8456043","-6.222945","hotel","32","https://regionalinvestment.bkpm.go.id/be/daerah/get_hotel_by_prov/31?_t=1789889629722","2026-09-20T07:56:13.526285+00:00"
"31","DCOZIE HOTEL BLOK M","106.800027","-6.2426121","hotel","33","https://regionalinvestment.bkpm.go.id/be/daerah/get_hotel_by_prov/31?_t=1789889629722","2026-09-20T07:56:13.526285+00:00"
"31","Le Meridien Jakarta Hotel","106.818667575717","-6.21339063062421","hotel","34","https://regionalinvestment.bkpm.go.id/be/daerah/get_hotel_by_prov/31?_t=1789889629722","2026-09-20T07:56:13.526285+00:00"
"31","Manhattan Hotel","106.828925","-6.2252555","hotel","35","https://regionalinvestment.bkpm.go.id/be/daerah/get_hotel_by_prov/31?_t=1789889629722","2026-09-20T07:56:13.526285+00:00"
"31","Oakwood Premier Cozmo Jakarta","106.8231905","-6.2274886","hotel","36","https://regionalinvestment.bkpm.go.id/be/daerah/get_hotel_by_prov/31?_t=1789889629722","2026-09-20T07:56:13.526285+00:00"
"31","Somerset Grand Citra Jakarta","106.8226453","-6.224562","hotel","37","https://regionalinvestment.bkpm.go.id/be/daerah/get_hotel_by_prov/31?_t=1789889629722","2026-09-20T07:56:13.526285+00:00"
"31","The Dharmawangsa Hotel","106.8027199","-6.2532372","hotel","38","https://regionalinvestment.bkpm.go.id/be/daerah/get_hotel_by_prov/31?_t=1789889629722","2026-09-20T07:56:13.526285+00:00"
"31","The Grove Suites","106.8321089","-6.2182723","hotel","39","https://regionalinvestment.bkpm.go.id/be/daerah/get_hotel_by_prov/31?_t=1789889629722","2026-09-20T07:56:13.526285+00:00"
"31","The Mayflower Jakarta Marriott Executive Apartments","106.822417688673","-6.20820059957821","hotel","40","https://regionalinvestment.bkpm.go.id/be/daerah/get_hotel_by_prov/31?_t=1789889629722","2026-09-20T07:56:13.526285+00:00"
"31","The Ritz-Carlton Jakarta, Pacific Place","106.8065653","-6.2249576","hotel","41","https://regionalinvestment.bkpm.go.id/be/daerah/get_hotel_by_prov/31?_t=1789889629722","2026-09-20T07:56:13.526285+00:00"
"31","Alila SCBD Jakarta","106.8087942","-6.225442525","hotel","42","https://regionalinvestment.bkpm.go.id/be/daerah/get_hotel_by_prov/31?_t=1789889629722","2026-09-20T07:56:13.526285+00:00"
"31","Hotel Gran Mahakam","106.7954868","-6.24441175","hotel","43","https://regionalinvestment.bkpm.go.id/be/daerah/get_hotel_by_prov/31?_t=1789889629722","2026-09-20T07:56:13.526285+00:00"
"31","Amos Cozy Hotel & Convention Hall Jakarta","106.7990836","-6.245624045","hotel","44","https://regionalinvestment.bkpm.go.id/be/daerah/get_hotel_by_prov/31?_t=1789889629722","2026-09-20T07:56:13.526285+00:00"
"31","Mercure Jakarta Simatupang","106.7800583","-6.29084572","hotel","45","https://regionalinvestment.bkpm.go.id/be/daerah/get_hotel_by_prov/31?_t=1789889629722","2026-09-20T07:56:13.526285+00:00"
"31","Royal Kuningan Hotel","106.8300722","-6.206570061","hotel","46","https://regionalinvestment.bkpm.go.id/be/daerah/get_hotel_by_prov/31?_t=1789889629722","2026-09-20T07:56:13.526285+00:00"
"31","JS LUWANSA HOTEL","106.8329851","-6.222814052","hotel","47","https://regionalinvestment.bkpm.go.id/be/daerah/get_hotel_by_prov/31?_t=1789889629722","2026-09-20T07:56:13.526285+00:00"
"31","Pondok Layung Resort","106.809441447258","-6.27771819470319","hotel","48","https://regionalinvestment.bkpm.go.id/be/daerah/get_hotel_by_prov/31?_t=1789889629722","2026-09-20T07:56:13.526285+00:00"
"31","Ascott Kuningan Jakarta","106.8206998","-6.2239471","hotel","49","https://regionalinvestment.bkpm.go.id/be/daerah/get_hotel_by_prov/31?_t=1789889629722","2026-09-20T07:56:13.526285+00:00"
"31","Fairmont Jakarta Hotel","106.7964998","-6.2217511","hotel","50","https://regionalinvestment.bkpm.go.id/be/daerah/get_hotel_by_prov/31?_t=1789889629722","2026-09-20T07:56:13.526285+00:00"
"31","The Falatehan Hotel","106.8013851","-6.243044583","hotel","51","https://regionalinvestment.bkpm.go.id/be/daerah/get_hotel_by_prov/31?_t=1789889629722","2026-09-20T07:56:13.526285+00:00"
"31","Favehotel Gatot Subroto","106.8196124","-6.227125641","hotel","52","https://regionalinvestment.bkpm.go.id/be/daerah/get_hotel_by_prov/31?_t=1789889629722","2026-09-20T07:56:13.526285+00:00"
"31","Hotel Grand Menteng","106.85501","-6.200105721","hotel","53","https://regionalinvestment.bkpm.go.id/be/daerah/get_hotel_by_prov/31?_t=1789889629722","2026-09-20T07:56:13.526285+00:00"
"31","Park Hotel Jakarta","106.8756477","-6.243964954","hotel","54","https://regionalinvestment.bkpm.go.id/be/daerah/get_hotel_by_prov/31?_t=1789889629722","2026-09-20T07:56:13.526285+00:00"
"31","Fraser Residence Menteng Jakarta","106.8323637","-6.1848073","hotel","55","https://regionalinvestment.bkpm.go.id/be/daerah/get_hotel_by_prov/31?_t=1789889629722","2026-09-20T07:56:13.526285+00:00"
"31","Best Western Premier The Hive Hotel","106.8731749","-6.2447441","hotel","56","https://regionalinvestment.bkpm.go.id/be/daerah/get_hotel_by_prov/31?_t=1789889629722","2026-09-20T07:56:13.526285+00:00"
"31","FAVE HOTEL PGC CILILITAN","106.8633588","-6.2622295","hotel","57","https://regionalinvestment.bkpm.go.id/be/daerah/get_hotel_by_prov/31?_t=1789889629722","2026-09-20T07:56:13.526285+00:00"
"31","Hotel Paragon","106.8291358","-6.1865145","hotel","58","https://regionalinvestment.bkpm.go.id/be/daerah/get_hotel_by_prov/31?_t=1789889629722","2026-09-20T07:56:13.526285+00:00"
"31","Hotel Sahid Jaya","106.8180353","-6.211048","hotel","59","https://regionalinvestment.bkpm.go.id/be/daerah/get_hotel_by_prov/31?_t=1789889629722","2026-09-20T07:56:13.526285+00:00"
"31","Hotel Sari Pan Pasific","106.821506","-6.185669","hotel","60","https://regionalinvestment.bkpm.go.id/be/daerah/get_hotel_by_prov/31?_t=1789889629722","2026-09-20T07:56:13.526285+00:00"
"31","Alia Hotel Pasar Baru","106.8338733","-6.1644713","hotel","61","https://regionalinvestment.bkpm.go.id/be/daerah/get_hotel_by_prov/31?_t=1789889629722","2026-09-20T07:56:13.526285+00:00"
"31","The Orient","106.8158925245193","-6.215498272411345","hotel","62","https://regionalinvestment.bkpm.go.id/be/daerah/get_hotel_by_prov/31?_t=1789889629722","2026-09-20T07:56:13.526285+00:00"
"31","Somerset Berlian Jakarta","106.7793683","-6.223428","hotel","63","https://regionalinvestment.bkpm.go.id/be/daerah/get_hotel_by_prov/31?_t=1789889629722","2026-09-20T07:56:13.526285+00:00"
"31","Hotel Patra Jasa","106.7567436","-6.163564","hotel","64","https://regionalinvestment.bkpm.go.id/be/daerah/get_hotel_by_prov/31?_t=1789889629722","2026-09-20T07:56:13.526285+00:00"
"31","The Acacia Jakarta","106.8445118","-6.1889853","hotel","65","https://regionalinvestment.bkpm.go.id/be/daerah/get_hotel_by_prov/31?_t=1789889629722","2026-09-20T07:56:13.526285+00:00"
"31","The Hermitage Hotel Menteng Jakarta","106.8359632","-6.1981492","hotel","66","https://regionalinvestment.bkpm.go.id/be/daerah/get_hotel_by_prov/31?_t=1789889629722","2026-09-20T07:56:13.526285+00:00"
"31","Hotel Aryaduta","106.816090194172","-6.22003603568277","hotel","67","https://regionalinvestment.bkpm.go.id/be/daerah/get_hotel_by_prov/31?_t=1789889629722","2026-09-20T07:56:13.526285+00:00"
"31","Hotel Shangri-La","106.8163882","-6.2030293","hotel","68","https://regionalinvestment.bkpm.go.id/be/daerah/get_hotel_by_prov/31?_t=1789889629722","2026-09-20T07:56:13.526285+00:00"
"31","Mandarin Oriental","106.821627","-6.1960908","hotel","69","https://regionalinvestment.bkpm.go.id/be/daerah/get_hotel_by_prov/31?_t=1789889629722","2026-09-20T07:56:13.526285+00:00"
"31","FAVE HOTEL","106.8338113","-6.160132","hotel","70","https://regionalinvestment.bkpm.go.id/be/daerah/get_hotel_by_prov/31?_t=1789889629722","2026-09-20T07:56:13.526285+00:00"
"31","Merlynn Park Hotel","106.8131709","-6.1658915","hotel","71","https://regionalinvestment.bkpm.go.id/be/daerah/get_hotel_by_prov/31?_t=1789889629722","2026-09-20T07:56:13.526285+00:00"
"31","DoubleTree by Hilton Hotel Jakarta - Diponegoro","106.8408803","-6.198831","hotel","72","https://regionalinvestment.bkpm.go.id/be/daerah/get_hotel_by_prov/31?_t=1789889629722","2026-09-20T07:56:13.526285+00:00"
"31","FAVE HOTEL WAHID HASYIM","106.8186383","-6.187227","hotel","73","https://regionalinvestment.bkpm.go.id/be/daerah/get_hotel_by_prov/31?_t=1789889629722","2026-09-20T07:56:13.526285+00:00"
"31","Hotel Alpine","106.8346594","-6.1556108","hotel","74","https://regionalinvestment.bkpm.go.id/be/daerah/get_hotel_by_prov/31?_t=1789889629722","2026-09-20T07:56:13.526285+00:00"
"31","Hotel Borobudur","106.8333513","-6.172225","hotel","75","https://regionalinvestment.bkpm.go.id/be/daerah/get_hotel_by_prov/31?_t=1789889629722","2026-09-20T07:56:13.526285+00:00"
"31","Hotel Crowne Plaza","106.8126763","-6.221588","hotel","76","https://regionalinvestment.bkpm.go.id/be/daerah/get_hotel_by_prov/31?_t=1789889629722","2026-09-20T07:56:13.526285+00:00"
"31","Le Grandeur","106.8231733","-6.1371297","hotel","77","https://regionalinvestment.bkpm.go.id/be/daerah/get_hotel_by_prov/31?_t=1789889629722","2026-09-20T07:56:13.526285+00:00"
"31","Hotel Four Seasons","106.8174774","-6.2325862","hotel","78","https://regionalinvestment.bkpm.go.id/be/daerah/get_hotel_by_prov/31?_t=1789889629722","2026-09-20T07:56:13.526285+00:00"
"31","Hotel Golden Boutique","106.796554","-6.2452135","hotel","79","https://regionalinvestment.bkpm.go.id/be/daerah/get_hotel_by_prov/31?_t=1789889629722","2026-09-20T07:56:13.526285+00:00"
"31","Hotel Indonesia Kempinski Jakarta","106.8199196","-6.1952285","hotel","80","https://regionalinvestment.bkpm.go.id/be/daerah/get_hotel_by_prov/31?_t=1789889629722","2026-09-20T07:56:13.526285+00:00"
"31","Hotel Redtop","106.8245964","-6.1635686","hotel","81","https://regionalinvestment.bkpm.go.id/be/daerah/get_hotel_by_prov/31?_t=1789889629722","2026-09-20T07:56:13.526285+00:00"
"31","Hotel Sparks","106.8197948","-6.1497605","hotel","82","https://regionalinvestment.bkpm.go.id/be/daerah/get_hotel_by_prov/31?_t=1789889629722","2026-09-20T07:56:13.526285+00:00"
"31","Ibis Kemayoran","106.8395577","-6.1650371","hotel","83","https://regionalinvestment.bkpm.go.id/be/daerah/get_hotel_by_prov/31?_t=1789889629722","2026-09-20T07:56:13.526285+00:00"
"31","Quality Jakarta","106.8140613","-6.1467394","hotel","84","https://regionalinvestment.bkpm.go.id/be/daerah/get_hotel_by_prov/31?_t=1789889629722","2026-09-20T07:56:13.526285+00:00"
"31","Hotel Sofyan Betawi","106.804282","-6.2122241","hotel","85","https://regionalinvestment.bkpm.go.id/be/daerah/get_hotel_by_prov/31?_t=1789889629722","2026-09-20T07:56:13.526285+00:00"
"31","Grand Hyatt Jakarta","106.8200424","-6.1938404","hotel","86","https://regionalinvestment.bkpm.go.id/be/daerah/get_hotel_by_prov/31?_t=1789889629722","2026-09-20T07:56:13.526285+00:00"
"31","Hotel Ibis Tamarin","106.8246553","-6.18743","hotel","87","https://regionalinvestment.bkpm.go.id/be/daerah/get_hotel_by_prov/31?_t=1789889629722","2026-09-20T07:56:13.526285+00:00"
"31","BW Kemayoran Hotel & Convention","106.8526454","-6.160893189","hotel","88","https://regionalinvestment.bkpm.go.id/be/daerah/get_hotel_by_prov/31?_t=1789889629722","2026-09-20T07:56:13.526285+00:00"
"31","Ibis Jakarta Senen","106.8425235","-6.183361965","hotel","89","https://regionalinvestment.bkpm.go.id/be/daerah/get_hotel_by_prov/31?_t=1789889629722","2026-09-20T07:56:13.526285+00:00"
"31","Grand Mercure Jakarta Harmoni","106.819365","-6.160297547","hotel","90","https://regionalinvestment.bkpm.go.id/be/daerah/get_hotel_by_prov/31?_t=1789889629722","2026-09-20T07:56:13.526285+00:00"
"31","Best Western Mangga Dua Hotel & Residence","106.8273005","-6.139664268","hotel","91","https://regionalinvestment.bkpm.go.id/be/daerah/get_hotel_by_prov/31?_t=1789889629722","2026-09-20T07:56:13.526285+00:00"
"31","Millennium Hotel Sirih Jakarta","106.8166107","-6.182046827","hotel","92","https://regionalinvestment.bkpm.go.id/be/daerah/get_hotel_by_prov/31?_t=1789889629722","2026-09-20T07:56:13.526285+00:00"
"31","Hotel Marcopolo Jakarta","106.8370063","-6.195347717","hotel","93","https://regionalinvestment.bkpm.go.id/be/daerah/get_hotel_by_prov/31?_t=1789889629722","2026-09-20T07:56:13.526285+00:00"
"31","Sari Pacific Jakarta","106.8236043","-6.18548965","hotel","94","https://regionalinvestment.bkpm.go.id/be/daerah/get_hotel_by_prov/31?_t=1789889629722","2026-09-20T07:56:13.526285+00:00"
"31","Pullman Jakarta Indonesia Thamrin CBD","106.8237275","-6.193016893","hotel","95","https://regionalinvestment.bkpm.go.id/be/daerah/get_hotel_by_prov/31?_t=1789889629722","2026-09-20T07:56:13.526285+00:00"
"31","Oasis Amir Hotel","106.8391225","-6.174398133","hotel","96","https://regionalinvestment.bkpm.go.id/be/daerah/get_hotel_by_prov/31?_t=1789889629722","2026-09-20T07:56:13.526285+00:00"
"31","Artotel Gelora Senayan","106.8030199","-6.223062251","hotel","97","https://regionalinvestment.bkpm.go.id/be/daerah/get_hotel_by_prov/31?_t=1789889629722","2026-09-20T07:56:13.526285+00:00"
"31","Hotel Mulia Senayan","106.7970568","-6.214966167","hotel","98","https://regionalinvestment.bkpm.go.id/be/daerah/get_hotel_by_prov/31?_t=1789889629722","2026-09-20T07:56:13.526285+00:00"
"31","The Tavia Heritage Hotel","106.8608193","-6.173476398","hotel","99","https://regionalinvestment.bkpm.go.id/be/daerah/get_hotel_by_prov/31?_t=1789889629722","2026-09-20T07:56:13.526285+00:00"
"31","Triniti Jakarta","106.8164408","-6.162502334","hotel","100","https://regionalinvestment.bkpm.go.id/be/daerah/get_hotel_by_prov/31?_t=1789889629722","2026-09-20T07:56:13.526285+00:00"
"31","Orchardz Hotel Jayakarta","106.8287414","-6.143152336","hotel","101","https://regionalinvestment.bkpm.go.id/be/daerah/get_hotel_by_prov/31?_t=1789889629722","2026-09-20T07:56:13.526285+00:00"
"31","Classic Hotel Jakarta","106.829765","-6.161680599","hotel","102","https://regionalinvestment.bkpm.go.id/be/daerah/get_hotel_by_prov/31?_t=1789889629722","2026-09-20T07:56:13.526285+00:00"
"31","Keraton at The Plaza a Luxury Collection Hotel Jakarta","106.8193393","-6.192679","hotel","103","https://regionalinvestment.bkpm.go.id/be/daerah/get_hotel_by_prov/31?_t=1789889629722","2026-09-20T07:56:13.526285+00:00"
"31","Hotel Traveller","106.8293823","-6.1467403","hotel","104","https://regionalinvestment.bkpm.go.id/be/daerah/get_hotel_by_prov/31?_t=1789889629722","2026-09-20T07:56:13.526285+00:00"
"31","Ascott Jakarta","106.8163545","-6.1949157","hotel","105","https://regionalinvestment.bkpm.go.id/be/daerah/get_hotel_by_prov/31?_t=1789889629722","2026-09-20T07:56:13.526285+00:00"
"31","Grand Tropic All Suites","106.7856208","-6.1714663","hotel","106","https://regionalinvestment.bkpm.go.id/be/daerah/get_hotel_by_prov/31?_t=1789889629722","2026-09-20T07:56:13.526285+00:00"
"31","Pullman Jakarta Central Park","106.7892343","-6.177561308","hotel","107","https://regionalinvestment.bkpm.go.id/be/daerah/get_hotel_by_prov/31?_t=1789889629722","2026-09-20T07:56:13.526285+00:00"
"31","Twin Plaza International","106.7951373","-6.1825341","hotel","108","https://regionalinvestment.bkpm.go.id/be/daerah/get_hotel_by_prov/31?_t=1789889629722","2026-09-20T07:56:13.526285+00:00"
"31","Paninsula Tower","106.7954344","-6.1900359","hotel","109","https://regionalinvestment.bkpm.go.id/be/daerah/get_hotel_by_prov/31?_t=1789889629722","2026-09-20T07:56:13.526285+00:00"
"31","Hotel Santika","106.7886749","-6.1856678","hotel","110","https://regionalinvestment.bkpm.go.id/be/daerah/get_hotel_by_prov/31?_t=1789889629722","2026-09-20T07:56:13.526285+00:00"
"31","Hotel Mercure Rekso","106.8121591","-6.146118","hotel","111","https://regionalinvestment.bkpm.go.id/be/daerah/get_hotel_by_prov/31?_t=1789889629722","2026-09-20T07:56:13.526285+00:00"
"31","Hotel Ibis Slipi","106.7969243","-6.199314","hotel","112","https://regionalinvestment.bkpm.go.id/be/daerah/get_hotel_by_prov/31?_t=1789889629722","2026-09-20T07:56:13.526285+00:00"
"31","Hotel Ciputra","106.7844308","-6.168028","hotel","113","https://regionalinvestment.bkpm.go.id/be/daerah/get_hotel_by_prov/31?_t=1789889629722","2026-09-20T07:56:13.526285+00:00"
"31","Hotel Augusta","106.7270762","-6.1452523","hotel","114","https://regionalinvestment.bkpm.go.id/be/daerah/get_hotel_by_prov/31?_t=1789889629722","2026-09-20T07:56:13.526285+00:00"
"31","FAVE HOTEL PURI INDAH","106.7491737","-6.1828723","hotel","115","https://regionalinvestment.bkpm.go.id/be/daerah/get_hotel_by_prov/31?_t=1789889629722","2026-09-20T07:56:13.526285+00:00"
"31","B FASHION HOTEL","106.789791","-6.1818033","hotel","116","https://regionalinvestment.bkpm.go.id/be/daerah/get_hotel_by_prov/31?_t=1789889629722","2026-09-20T07:56:13.526285+00:00"
"31","The Media Hotel &amp; Towers","106.8123154","-6.1481655","hotel","117","https://regionalinvestment.bkpm.go.id/be/daerah/get_hotel_by_prov/31?_t=1789889629722","2026-09-20T07:56:13.526285+00:00"
"31","FAVE HOTEL","106.7908076","-6.1258109","hotel","118","https://regionalinvestment.bkpm.go.id/be/daerah/get_hotel_by_prov/31?_t=1789889629722","2026-09-20T07:56:13.526285+00:00"
"31","Putri Duyung Cottage","106.8409606","-6.121558055","hotel","119","https://regionalinvestment.bkpm.go.id/be/daerah/get_hotel_by_prov/31?_t=1789889629722","2026-09-20T07:56:13.526285+00:00"
"31","CONDOTEL GOLDEN SKY","106.7894503","-6.120559762","hotel","120","https://regionalinvestment.bkpm.go.id/be/daerah/get_hotel_by_prov/31?_t=1789889629722","2026-09-20T07:56:13.526285+00:00"
"31","Grand Asia Hotel Jakarta","106.7949746","-6.137218549","hotel","121","https://regionalinvestment.bkpm.go.id/be/daerah/get_hotel_by_prov/31?_t=1789889629722","2026-09-20T07:56:13.526285+00:00"
"31","Mercure Convention Center","106.8342943","-6.122326","hotel","122","https://regionalinvestment.bkpm.go.id/be/daerah/get_hotel_by_prov/31?_t=1789889629722","2026-09-20T07:56:13.526285+00:00"
"31","Hotel Sunlake","106.8773863","-6.1469273","hotel","123","https://regionalinvestment.bkpm.go.id/be/daerah/get_hotel_by_prov/31?_t=1789889629722","2026-09-20T07:56:13.526285+00:00"
"31","Novotel Mangga Dua","106.831839286986","-6.13816991670292","hotel","124","https://regionalinvestment.bkpm.go.id/be/daerah/get_hotel_by_prov/31?_t=1789889629722","2026-09-20T07:56:13.526285+00:00"
"31","Hotel Le Grandeur","106.8231733","-6.137135","hotel","125","https://regionalinvestment.bkpm.go.id/be/daerah/get_hotel_by_prov/31?_t=1789889629722","2026-09-20T07:56:13.526285+00:00"
"31","Hotel Danau Sunter","106.8773863","-6.1469273","hotel","126","https://regionalinvestment.bkpm.go.id/be/daerah/get_hotel_by_prov/31?_t=1789889629722","2026-09-20T07:56:13.526285+00:00"
"31","Pulogadung Industrial Estate/Park","106.892","-6.264","kawasan","1","https://regionalinvestment.bkpm.go.id/be/daerah/get_kawasan_by_prov/31?_t=1789889629722","2026-09-20T07:56:13.526285+00:00"
"31","Kawasan Berikat Nusantara","106.935975557712","-6.14457390756087","kawasan","2","https://regionalinvestment.bkpm.go.id/be/daerah/get_kawasan_by_prov/31?_t=1789889629722","2026-09-20T07:56:13.526285+00:00"
"31","Jakarta International Container","106.89833333","-6.0977777775","pelabuhan","1","https://regionalinvestment.bkpm.go.id/be/daerah/get_pelabuhan_by_prov/31?_t=1789889629722","2026-09-20T07:56:13.526285+00:00"
"31","Marunda","106.9494153","-6.0990947","pelabuhan","2","https://regionalinvestment.bkpm.go.id/be/daerah/get_pelabuhan_by_prov/31?_t=1789889629722","2026-09-20T07:56:13.526285+00:00"
"31","Kalibaru","106.91861111","-6.1030555559","pelabuhan","3","https://regionalinvestment.bkpm.go.id/be/daerah/get_pelabuhan_by_prov/31?_t=1789889629722","2026-09-20T07:56:13.526285+00:00"
"31","Perikanan Nizamzachman","106.80111111","-6.0975000004","pelabuhan","4","https://regionalinvestment.bkpm.go.id/be/daerah/get_pelabuhan_by_prov/31?_t=1789889629722","2026-09-20T07:56:13.526285+00:00"
"31","Sunda Kelapa","106.81111111","-6.1208333331","pelabuhan","5","https://regionalinvestment.bkpm.go.id/be/daerah/get_pelabuhan_by_prov/31?_t=1789889629722","2026-09-20T07:56:13.526285+00:00"
"31","Tanjung Priok","106.88972222","-6.0983333337","pelabuhan","6","https://regionalinvestment.bkpm.go.id/be/daerah/get_pelabuhan_by_prov/31?_t=1789889629722","2026-09-20T07:56:13.526285+00:00"
"31","Muara Angke","106.7757360457","-6.1059739783","pelabuhan","7","https://regionalinvestment.bkpm.go.id/be/daerah/get_pelabuhan_by_prov/31?_t=1789889629722","2026-09-20T07:56:13.526285+00:00"
"31","Marina Ancol","106.8293976157","-6.1207709065","pelabuhan","8","https://regionalinvestment.bkpm.go.id/be/daerah/get_pelabuhan_by_prov/31?_t=1789889629722","2026-09-20T07:56:13.526285+00:00"
"31","Kali Adem","106.7712667867","-6.1041178588","pelabuhan","9","https://regionalinvestment.bkpm.go.id/be/daerah/get_pelabuhan_by_prov/31?_t=1789889629722","2026-09-20T07:56:13.526285+00:00"
"31","Sekolah Tinggi Ilmu Komunikasi dan Sekretari Tarakanita","106.9302551","-6.23535376","pendidikan","1","https://regionalinvestment.bkpm.go.id/be/daerah/get_pendidikan_by_prov/31?_t=1789889629722","2026-09-20T07:56:13.526285+00:00"
"31","Universitas Atma Jaya Jakarta","106.8128948","-6.2189739","pendidikan","2","https://regionalinvestment.bkpm.go.id/be/daerah/get_pendidikan_by_prov/31?_t=1789889629722","2026-09-20T07:56:13.526285+00:00"
"31","Universitas Muhammadiyah Jakarta","106.7655424","-6.3009053","pendidikan","3","https://regionalinvestment.bkpm.go.id/be/daerah/get_pendidikan_by_prov/31?_t=1789889629722","2026-09-20T07:56:13.526285+00:00"
"31","Institut Ilmu Sosial dan Ilmu Politik","106.8319878","-6.3229817","pendidikan","4","https://regionalinvestment.bkpm.go.id/be/daerah/get_pendidikan_by_prov/31?_t=1789889629722","2026-09-20T07:56:13.526285+00:00"
"31","Sekolah Tinggi Ilmu Ekonomi Bhakti Pembangunan","106.7498968","-6.2424162","pendidikan","5","https://regionalinvestment.bkpm.go.id/be/daerah/get_pendidikan_by_prov/31?_t=1789889629722","2026-09-20T07:56:13.526285+00:00"
"31","Universitas Nasional","106.8367426","-6.2808909","pendidikan","6","https://regionalinvestment.bkpm.go.id/be/daerah/get_pendidikan_by_prov/31?_t=1789889629722","2026-09-20T07:56:13.526285+00:00"
"31","Universitas Prof Dr Moestopo (Beragama)","106.7940242","-6.229003","pendidikan","7","https://regionalinvestment.bkpm.go.id/be/daerah/get_pendidikan_by_prov/31?_t=1789889629722","2026-09-20T07:56:13.526285+00:00"
"31","Universitas Satya Negara Indonesia","106.7808113","-6.2415047","pendidikan","8","https://regionalinvestment.bkpm.go.id/be/daerah/get_pendidikan_by_prov/31?_t=1789889629722","2026-09-20T07:56:13.526285+00:00"
"31","Universitas Sahid","106.8161047","-6.2111376","pendidikan","9","https://regionalinvestment.bkpm.go.id/be/daerah/get_pendidikan_by_prov/31?_t=1789889629722","2026-09-20T07:56:13.526285+00:00"
"31","Universitas Bhayangkara Jakarta Raya","106.7958249","-6.2539247","pendidikan","10","https://regionalinvestment.bkpm.go.id/be/daerah/get_pendidikan_by_prov/31?_t=1789889629722","2026-09-20T07:56:13.526285+00:00"
"31","Universitas Paramadina","106.8308093","-6.2411277","pendidikan","11","https://regionalinvestment.bkpm.go.id/be/daerah/get_pendidikan_by_prov/31?_t=1789889629722","2026-09-20T07:56:13.526285+00:00"
"31","Universitas Al-azhar Indonesia","106.7968254","-6.2356119","pendidikan","12","https://regionalinvestment.bkpm.go.id/be/daerah/get_pendidikan_by_prov/31?_t=1789889629722","2026-09-20T07:56:13.526285+00:00"
"31","Institut Keu Perbankan Dan Inf Asia Perbanas","106.8269333","-6.2179127","pendidikan","13","https://regionalinvestment.bkpm.go.id/be/daerah/get_pendidikan_by_prov/31?_t=1789889629722","2026-09-20T07:56:13.526285+00:00"
"31","Sekolah Tinggi Manajemen Prasetiya Mulya","106.7732764","-6.2848454","pendidikan","14","https://regionalinvestment.bkpm.go.id/be/daerah/get_pendidikan_by_prov/31?_t=1789889629722","2026-09-20T07:56:13.526285+00:00"
"31","Sekolah Tinggi Penerbangan Aviasi","106.8386293","-6.2446197","pendidikan","15","https://regionalinvestment.bkpm.go.id/be/daerah/get_pendidikan_by_prov/31?_t=1789889629722","2026-09-20T07:56:13.526285+00:00"
"31","Sekolah Tinggi Bahasa Asing LIA Jakarta","106.8579543","-6.2478747","pendidikan","16","https://regionalinvestment.bkpm.go.id/be/daerah/get_pendidikan_by_prov/31?_t=1789889629722","2026-09-20T07:56:13.526285+00:00"
"31","Sekolah Tinggi Pariwisata Trisakti","106.7659809","-6.2618649","pendidikan","17","https://regionalinvestment.bkpm.go.id/be/daerah/get_pendidikan_by_prov/31?_t=1789889629722","2026-09-20T07:56:13.526285+00:00"
"31","Sekolah Tinggi Ilmu Ekonomi Dharma Bumi Putra","106.8259597","-6.2602251","pendidikan","18","https://regionalinvestment.bkpm.go.id/be/daerah/get_pendidikan_by_prov/31?_t=1789889629722","2026-09-20T07:56:13.526285+00:00"
"31","Sekolah Tinggi Ilmu Kesehatan Indonesia Maju","106.8354568","-6.3342647","pendidikan","19","https://regionalinvestment.bkpm.go.id/be/daerah/get_pendidikan_by_prov/31?_t=1789889629722","2026-09-20T07:56:13.526285+00:00"
"31","STIE Indonesia Banking School","106.8148462","-6.2609304","pendidikan","20","https://regionalinvestment.bkpm.go.id/be/daerah/get_pendidikan_by_prov/31?_t=1789889629722","2026-09-20T07:56:13.526285+00:00"
"31","Poltekkes Kemenkes Jakarta II","106.7937909","-6.238725434","pendidikan","21","https://regionalinvestment.bkpm.go.id/be/daerah/get_pendidikan_by_prov/31?_t=1789889629722","2026-09-20T07:56:13.526285+00:00"
"31","Sekolah Tinggi Teknologi Informasi NIIT","106.7976451","-6.271781","pendidikan","22","https://regionalinvestment.bkpm.go.id/be/daerah/get_pendidikan_by_prov/31?_t=1789889629722","2026-09-20T07:56:13.526285+00:00"
"31","Universitas Siber Asia","106.8205872","-6.298432779","pendidikan","23","https://regionalinvestment.bkpm.go.id/be/daerah/get_pendidikan_by_prov/31?_t=1789889629722","2026-09-20T07:56:13.526285+00:00"
"31","Sekolah Tinggi Manajemen Resiko Dan Asuransi","106.8390873","-6.2418734","pendidikan","24","https://regionalinvestment.bkpm.go.id/be/daerah/get_pendidikan_by_prov/31?_t=1789889629722","2026-09-20T07:56:13.526285+00:00"
"31","Sekolah Tinggi Desain Interstudi","106.815978","-6.2393003","pendidikan","25","https://regionalinvestment.bkpm.go.id/be/daerah/get_pendidikan_by_prov/31?_t=1789889629722","2026-09-20T07:56:13.526285+00:00"
"31","STMIK Bidakara","106.827954","-6.2619399","pendidikan","26","https://regionalinvestment.bkpm.go.id/be/daerah/get_pendidikan_by_prov/31?_t=1789889629722","2026-09-20T07:56:13.526285+00:00"
"31","Sekolah Tinggi Ilmu Kesehatan Pamentas","106.7753208","-6.3055151","pendidikan","27","https://regionalinvestment.bkpm.go.id/be/daerah/get_pendidikan_by_prov/31?_t=1789889629722","2026-09-20T07:56:13.526285+00:00"
"31","Sekolah Tinggi Manajemen IMMI","106.843704655766","-6.28970129017187","pendidikan","28","https://regionalinvestment.bkpm.go.id/be/daerah/get_pendidikan_by_prov/31?_t=1789889629722","2026-09-20T07:56:13.526285+00:00"
"31","STIE Ahmad Dahlan Jakarta","106.766224689782","-6.29616878768129","pendidikan","29","https://regionalinvestment.bkpm.go.id/be/daerah/get_pendidikan_by_prov/31?_t=1789889629722","2026-09-20T07:56:13.526285+00:00"
"31","STIE Bakrie School of Management","106.8312173","-6.2212571","pendidikan","30","https://regionalinvestment.bkpm.go.id/be/daerah/get_pendidikan_by_prov/31?_t=1789889629722","2026-09-20T07:56:13.526285+00:00"
"31","Universitas Mitra Bangsa","106.8438269","-6.289517527","pendidikan","31","https://regionalinvestment.bkpm.go.id/be/daerah/get_pendidikan_by_prov/31?_t=1789889629722","2026-09-20T07:56:13.526285+00:00"
"31","Sekolah Tinggi Desain LaSalle","106.8185895","-6.209527283","pendidikan","32","https://regionalinvestment.bkpm.go.id/be/daerah/get_pendidikan_by_prov/31?_t=1789889629722","2026-09-20T07:56:13.526285+00:00"
"31","Universitas Darunnajah","106.7626426","-6.247405694","pendidikan","33","https://regionalinvestment.bkpm.go.id/be/daerah/get_pendidikan_by_prov/31?_t=1789889629722","2026-09-20T07:56:13.526285+00:00"
"31","PPKD Daerah Jakarta Selatan","106.8292661","-6.2716952","pendidikan","34","https://regionalinvestment.bkpm.go.id/be/daerah/get_pendidikan_by_prov/31?_t=1789889629722","2026-09-20T07:56:13.526285+00:00"
"31","Sekolah Tinggi Keuangan Niaga dan Negara Pembangunan","106.839624779165","-6.25268609043667","pendidikan","35","https://regionalinvestment.bkpm.go.id/be/daerah/get_pendidikan_by_prov/31?_t=1789889629722","2026-09-20T07:56:13.526285+00:00"
"31","Politeknik Negeri Media Kreatif","106.826970380397","-6.34599192434479","pendidikan","36","https://regionalinvestment.bkpm.go.id/be/daerah/get_pendidikan_by_prov/31?_t=1789889629722","2026-09-20T07:56:13.526285+00:00"
"31","Universitas Pancasila","106.833251097123","-6.33976507678978","pendidikan","37","https://regionalinvestment.bkpm.go.id/be/daerah/get_pendidikan_by_prov/31?_t=1789889629722","2026-09-20T07:56:13.526285+00:00"
"31","STIE Maiji","106.8156599","-6.2292273","pendidikan","38","https://regionalinvestment.bkpm.go.id/be/daerah/get_pendidikan_by_prov/31?_t=1789889629722","2026-09-20T07:56:13.526285+00:00"
"31","STIE Triguna","106.79252","-6.2341856","pendidikan","39","https://regionalinvestment.bkpm.go.id/be/daerah/get_pendidikan_by_prov/31?_t=1789889629722","2026-09-20T07:56:13.526285+00:00"
"31","STIE Tunas Patria","106.8421899","-6.2648919","pendidikan","40","https://regionalinvestment.bkpm.go.id/be/daerah/get_pendidikan_by_prov/31?_t=1789889629722","2026-09-20T07:56:13.526285+00:00"
"31","STIE Widya Persada","106.8280002","-6.2730626","pendidikan","41","https://regionalinvestment.bkpm.go.id/be/daerah/get_pendidikan_by_prov/31?_t=1789889629722","2026-09-20T07:56:13.526285+00:00"
"31","STMIK Jakarta STI&K","106.7899985","-6.2584271","pendidikan","42","https://regionalinvestment.bkpm.go.id/be/daerah/get_pendidikan_by_prov/31?_t=1789889629722","2026-09-20T07:56:13.526285+00:00"
"31","Universitas Islam Attahiriyah","106.8576943","-6.2241767","pendidikan","43","https://regionalinvestment.bkpm.go.id/be/daerah/get_pendidikan_by_prov/31?_t=1789889629722","2026-09-20T07:56:13.526285+00:00"
"31","Universitas Pembangunan Nasional Veteran Jakarta","106.7911504","-6.3154819","pendidikan","44","https://regionalinvestment.bkpm.go.id/be/daerah/get_pendidikan_by_prov/31?_t=1789889629722","2026-09-20T07:56:13.526285+00:00"
"31","Universitas Bhayangkara Jaya","106.7958249","-6.2539247","pendidikan","45","https://regionalinvestment.bkpm.go.id/be/daerah/get_pendidikan_by_prov/31?_t=1789889629722","2026-09-20T07:56:13.526285+00:00"
"31","Universitas Pertamina","106.7889604","-6.228496094","pendidikan","46","https://regionalinvestment.bkpm.go.id/be/daerah/get_pendidikan_by_prov/31?_t=1789889629722","2026-09-20T07:56:13.526285+00:00"
"31","Politeknik Tugu Jakarta","106.82857","-6.3331903","pendidikan","47","https://regionalinvestment.bkpm.go.id/be/daerah/get_pendidikan_by_prov/31?_t=1789889629722","2026-09-20T07:56:13.526285+00:00"
"31","Sekolah Tinggi Hukum Indonesia Jentera","106.8324309","-6.20936429","pendidikan","48","https://regionalinvestment.bkpm.go.id/be/daerah/get_pendidikan_by_prov/31?_t=1789889629722","2026-09-20T07:56:13.526285+00:00"
"31","STID Dirosat Islamiyah Al-Hikmah Jakarta","106.8176607","-6.247166605","pendidikan","49","https://regionalinvestment.bkpm.go.id/be/daerah/get_pendidikan_by_prov/31?_t=1789889629722","2026-09-20T07:56:13.526285+00:00"
"31","Politeknik Kartini Jakarta","106.7699025","-6.238247439","pendidikan","50","https://regionalinvestment.bkpm.go.id/be/daerah/get_pendidikan_by_prov/31?_t=1789889629722","2026-09-20T07:56:13.526285+00:00"
"31","Universitas Ary Ginanjar","106.8097135","-6.290623633","pendidikan","51","https://regionalinvestment.bkpm.go.id/be/daerah/get_pendidikan_by_prov/31?_t=1789889629722","2026-09-20T07:56:13.526285+00:00"
"31","PPKD Daerah Jakarta Selatan","106.8292661","-6.2716952","pendidikan","52","https://regionalinvestment.bkpm.go.id/be/daerah/get_pendidikan_by_prov/31?_t=1789889629722","2026-09-20T07:56:13.526285+00:00"
"31","Akademi Manajemen Informatika Dan Komputer Yapri","106.884500049055","-6.34863161495501","pendidikan","53","https://regionalinvestment.bkpm.go.id/be/daerah/get_pendidikan_by_prov/31?_t=1789889629722","2026-09-20T07:56:13.526285+00:00"
"31","Sekolah Tinggi Hukum Militer","106.8569283","-6.2090157","pendidikan","54","https://regionalinvestment.bkpm.go.id/be/daerah/get_pendidikan_by_prov/31?_t=1789889629722","2026-09-20T07:56:13.526285+00:00"
"31","Sekolah Tinggi Ilmu Ekonomi Dr Moechtar Talib","106.9007792","-6.3266427","pendidikan","55","https://regionalinvestment.bkpm.go.id/be/daerah/get_pendidikan_by_prov/31?_t=1789889629722","2026-09-20T07:56:13.526285+00:00"
"31","Universitas Islam Jakarta","106.8666523","-6.1970597","pendidikan","56","https://regionalinvestment.bkpm.go.id/be/daerah/get_pendidikan_by_prov/31?_t=1789889629722","2026-09-20T07:56:13.526285+00:00"
"31","Universitas Indraprasta PGRI","106.8597018","-6.2951959","pendidikan","57","https://regionalinvestment.bkpm.go.id/be/daerah/get_pendidikan_by_prov/31?_t=1789889629722","2026-09-20T07:56:13.526285+00:00"
"31","Sekolah Tinggi Ilmu Ekonomi Indonesia Jakarta","106.8818438","-6.1914657","pendidikan","58","https://regionalinvestment.bkpm.go.id/be/daerah/get_pendidikan_by_prov/31?_t=1789889629722","2026-09-20T07:56:13.526285+00:00"
"31","STKIP Kusumanegara","106.8277332","-6.3448212","pendidikan","59","https://regionalinvestment.bkpm.go.id/be/daerah/get_pendidikan_by_prov/31?_t=1789889629722","2026-09-20T07:56:13.526285+00:00"
"31","STIE Kusumanegara","106.860105","-6.313604","pendidikan","60","https://regionalinvestment.bkpm.go.id/be/daerah/get_pendidikan_by_prov/31?_t=1789889629722","2026-09-20T07:56:13.526285+00:00"
"31","Sekolah Tinggi Manajemen IPMI","106.8525543","-6.2575237","pendidikan","61","https://regionalinvestment.bkpm.go.id/be/daerah/get_pendidikan_by_prov/31?_t=1789889629722","2026-09-20T07:56:13.526285+00:00"
"31","Universitas Darma Persada","106.9218813","-6.2297277","pendidikan","62","https://regionalinvestment.bkpm.go.id/be/daerah/get_pendidikan_by_prov/31?_t=1789889629722","2026-09-20T07:56:13.526285+00:00"
"31","Universitas Islam Azzahra","106.8751387","-6.2620803","pendidikan","63","https://regionalinvestment.bkpm.go.id/be/daerah/get_pendidikan_by_prov/31?_t=1789889629722","2026-09-20T07:56:13.526285+00:00"
"31","Universitas Krisnadwipayana","106.90791","-6.2593336","pendidikan","64","https://regionalinvestment.bkpm.go.id/be/daerah/get_pendidikan_by_prov/31?_t=1789889629722","2026-09-20T07:56:13.526285+00:00"
"31","Universitas Kristen Indonesia","106.8698113","-6.2493745","pendidikan","65","https://regionalinvestment.bkpm.go.id/be/daerah/get_pendidikan_by_prov/31?_t=1789889629722","2026-09-20T07:56:13.526285+00:00"
"31","Universitas Negeri Jakarta","106.8761282","-6.1951524","pendidikan","66","https://regionalinvestment.bkpm.go.id/be/daerah/get_pendidikan_by_prov/31?_t=1789889629722","2026-09-20T07:56:13.526285+00:00"
"31","Sekolah Tinggi Ilmu Ekonomi Nusantara","106.860146","-6.254533","pendidikan","67","https://regionalinvestment.bkpm.go.id/be/daerah/get_pendidikan_by_prov/31?_t=1789889629722","2026-09-20T07:56:13.526285+00:00"
"31","Sekolah Tinggi Ilmu Statistik","106.8643928","-6.2315003","pendidikan","68","https://regionalinvestment.bkpm.go.id/be/daerah/get_pendidikan_by_prov/31?_t=1789889629722","2026-09-20T07:56:13.526285+00:00"
"31","Universitas Respati Indonesia","106.8986013","-6.3162585","pendidikan","69","https://regionalinvestment.bkpm.go.id/be/daerah/get_pendidikan_by_prov/31?_t=1789889629722","2026-09-20T07:56:13.526285+00:00"
"31","STIE Tunas Nusantara","106.860146","-6.254533","pendidikan","70","https://regionalinvestment.bkpm.go.id/be/daerah/get_pendidikan_by_prov/31?_t=1789889629722","2026-09-20T07:56:13.526285+00:00"
"31","STBA Pertiwi","106.8616325","-6.2613673","pendidikan","71","https://regionalinvestment.bkpm.go.id/be/daerah/get_pendidikan_by_prov/31?_t=1789889629722","2026-09-20T07:56:13.526285+00:00"
"31","STIKES Binawan","106.8607578","-6.2574941","pendidikan","72","https://regionalinvestment.bkpm.go.id/be/daerah/get_pendidikan_by_prov/31?_t=1789889629722","2026-09-20T07:56:13.526285+00:00"
"31","STMIK Eresha","106.8359852","-6.2658874","pendidikan","73","https://regionalinvestment.bkpm.go.id/be/daerah/get_pendidikan_by_prov/31?_t=1789889629722","2026-09-20T07:56:13.526285+00:00"
"31","Universitas Borobudur","106.8958517","-6.2439847","pendidikan","74","https://regionalinvestment.bkpm.go.id/be/daerah/get_pendidikan_by_prov/31?_t=1789889629722","2026-09-20T07:56:13.526285+00:00"
"31","Universitas Mpu Tantular","106.8738113","-6.2256047","pendidikan","75","https://regionalinvestment.bkpm.go.id/be/daerah/get_pendidikan_by_prov/31?_t=1789889629722","2026-09-20T07:56:13.526285+00:00"
"31","Universitas Tama Jagakarsa","106.8385622","-6.3024739","pendidikan","76","https://regionalinvestment.bkpm.go.id/be/daerah/get_pendidikan_by_prov/31?_t=1789889629722","2026-09-20T07:56:13.526285+00:00"
"31","Institut Ilmu Sosial Dan Ilmu Politik Jakarta","106.8319878","-6.3229817","pendidikan","77","https://regionalinvestment.bkpm.go.id/be/daerah/get_pendidikan_by_prov/31?_t=1789889629722","2026-09-20T07:56:13.526285+00:00"
"31","Sekolah Tinggi Ilmu Ekonomi Swadaya","106.905988","-6.2490154","pendidikan","78","https://regionalinvestment.bkpm.go.id/be/daerah/get_pendidikan_by_prov/31?_t=1789889629722","2026-09-20T07:56:13.526285+00:00"
"31","Sekolah Tinggi Perpajakan Indonesia","106.8534044","-6.2005484","pendidikan","79","https://regionalinvestment.bkpm.go.id/be/daerah/get_pendidikan_by_prov/31?_t=1789889629722","2026-09-20T07:56:13.526285+00:00"
"31","Sekolah Tinggi Bahasa Asing IEC Jakarta","106.8617181","-6.2187208","pendidikan","80","https://regionalinvestment.bkpm.go.id/be/daerah/get_pendidikan_by_prov/31?_t=1789889629722","2026-09-20T07:56:13.526285+00:00"
"31","ST Ilmu Komputer Cipta Karya Informatika","106.828887","-6.2186289","pendidikan","81","https://regionalinvestment.bkpm.go.id/be/daerah/get_pendidikan_by_prov/31?_t=1789889629722","2026-09-20T07:56:13.526285+00:00"
"31","Akademi Sekretari Dan Manajemen Don Bosco","106.8794616","-6.1747273","pendidikan","82","https://regionalinvestment.bkpm.go.id/be/daerah/get_pendidikan_by_prov/31?_t=1789889629722","2026-09-20T07:56:13.526285+00:00"
"31","Akademi Kebidanan Prestasi Agung","106.8813383","-6.1949137","pendidikan","83","https://regionalinvestment.bkpm.go.id/be/daerah/get_pendidikan_by_prov/31?_t=1789889629722","2026-09-20T07:56:13.526285+00:00"
"31","Akademi Kebidanan Farama Mulya","106.9220918","-6.3090006","pendidikan","84","https://regionalinvestment.bkpm.go.id/be/daerah/get_pendidikan_by_prov/31?_t=1789889629722","2026-09-20T07:56:13.526285+00:00"
"31","Institut Teknologi Budi Utomo","106.9370814","-6.2217839","pendidikan","85","https://regionalinvestment.bkpm.go.id/be/daerah/get_pendidikan_by_prov/31?_t=1789889629722","2026-09-20T07:56:13.526285+00:00"
"31","Sekolah Tinggi Ilmu Kesehatan Istara Nusantara","106.8698092","-6.2783066","pendidikan","86","https://regionalinvestment.bkpm.go.id/be/daerah/get_pendidikan_by_prov/31?_t=1789889629722","2026-09-20T07:56:13.526285+00:00"
"31","Sekolah Tinggi Manajemen Transpor Trisakti","106.8760568","-6.2303536","pendidikan","87","https://regionalinvestment.bkpm.go.id/be/daerah/get_pendidikan_by_prov/31?_t=1789889629722","2026-09-20T07:56:13.526285+00:00"
"31","Sekolah Tinggi Teknologi Sapta Taruna","106.8748025","-6.2409431","pendidikan","88","https://regionalinvestment.bkpm.go.id/be/daerah/get_pendidikan_by_prov/31?_t=1789889629722","2026-09-20T07:56:13.526285+00:00"
"31","STIE Pengembangan Bisnis dan Manajemen","106.8615673","-6.2597827","pendidikan","89","https://regionalinvestment.bkpm.go.id/be/daerah/get_pendidikan_by_prov/31?_t=1789889629722","2026-09-20T07:56:13.526285+00:00"
"31","Universitas Ibnu Chaldun","106.8755602","-6.191685","pendidikan","90","https://regionalinvestment.bkpm.go.id/be/daerah/get_pendidikan_by_prov/31?_t=1789889629722","2026-09-20T07:56:13.526285+00:00"
"31","STIE Dwipa Wacana","106.8683421","-6.1593026","pendidikan","91","https://regionalinvestment.bkpm.go.id/be/daerah/get_pendidikan_by_prov/31?_t=1789889629722","2026-09-20T07:56:13.526285+00:00"
"31","STIE Indonesia","106.8818438","-6.1914657","pendidikan","92","https://regionalinvestment.bkpm.go.id/be/daerah/get_pendidikan_by_prov/31?_t=1789889629722","2026-09-20T07:56:13.526285+00:00"
"31","STIE YPBI","106.9460183","-6.1861317","pendidikan","93","https://regionalinvestment.bkpm.go.id/be/daerah/get_pendidikan_by_prov/31?_t=1789889629722","2026-09-20T07:56:13.526285+00:00"
"31","STIE Kampus Ungu","106.8862223","-6.1723367","pendidikan","94","https://regionalinvestment.bkpm.go.id/be/daerah/get_pendidikan_by_prov/31?_t=1789889629722","2026-09-20T07:56:13.526285+00:00"
"31","STMIK Muhammadiyah","106.885579","-6.3379728","pendidikan","95","https://regionalinvestment.bkpm.go.id/be/daerah/get_pendidikan_by_prov/31?_t=1789889629722","2026-09-20T07:56:13.526285+00:00"
"31","STIE Pariwisata Internasional","106.8960503","-6.2427957","pendidikan","96","https://regionalinvestment.bkpm.go.id/be/daerah/get_pendidikan_by_prov/31?_t=1789889629722","2026-09-20T07:56:13.526285+00:00"
"31","Sekolah Tinggi Ilmu Kesehatan Mitra Ria Husada","106.8893603","-6.3669367","pendidikan","97","https://regionalinvestment.bkpm.go.id/be/daerah/get_pendidikan_by_prov/31?_t=1789889629722","2026-09-20T07:56:13.526285+00:00"
"31","STIKS Tarakanita","106.9276773","-6.2349327","pendidikan","98","https://regionalinvestment.bkpm.go.id/be/daerah/get_pendidikan_by_prov/31?_t=1789889629722","2026-09-20T07:56:13.526285+00:00"
"31","POLITEKNIK KETENAGAKERJAAN","106.8808734","-6.32091864","pendidikan","99","https://regionalinvestment.bkpm.go.id/be/daerah/get_pendidikan_by_prov/31?_t=1789889629722","2026-09-20T07:56:13.526285+00:00"
"31","Universitas Jayabaya","106.8767355","-6.179477743","pendidikan","100","https://regionalinvestment.bkpm.go.id/be/daerah/get_pendidikan_by_prov/31?_t=1789889629722","2026-09-20T07:56:13.526285+00:00"
"31","Universitas Asa Indonesia","106.8952372","-6.238327217","pendidikan","101","https://regionalinvestment.bkpm.go.id/be/daerah/get_pendidikan_by_prov/31?_t=1789889629722","2026-09-20T07:56:13.526285+00:00"
"31","Politeknik Statistika STIS","106.8668568","-6.231094664","pendidikan","102","https://regionalinvestment.bkpm.go.id/be/daerah/get_pendidikan_by_prov/31?_t=1789889629722","2026-09-20T07:56:13.526285+00:00"
"31","Sekolah Tinggi Ilmu Kesehatan IKIFA","106.9208851","-6.215892933","pendidikan","103","https://regionalinvestment.bkpm.go.id/be/daerah/get_pendidikan_by_prov/31?_t=1789889629722","2026-09-20T07:56:13.526285+00:00"
"31","Universitas Dirgantara Marsekal Suryadarma","106.8880638","-6.262103711","pendidikan","104","https://regionalinvestment.bkpm.go.id/be/daerah/get_pendidikan_by_prov/31?_t=1789889629722","2026-09-20T07:56:13.526285+00:00"
"31","Institut Bio Scientia Internasional Indonesia","106.878076","-6.179100332","pendidikan","105","https://regionalinvestment.bkpm.go.id/be/daerah/get_pendidikan_by_prov/31?_t=1789889629722","2026-09-20T07:56:13.526285+00:00"
"31","STIE Muhammadiyah Jakarta","106.8409914","-6.2142681","pendidikan","106","https://regionalinvestment.bkpm.go.id/be/daerah/get_pendidikan_by_prov/31?_t=1789889629722","2026-09-20T07:56:13.526285+00:00"
"31","STMIK Muhammadiyah","106.885579","-6.3379728","pendidikan","107","https://regionalinvestment.bkpm.go.id/be/daerah/get_pendidikan_by_prov/31?_t=1789889629722","2026-09-20T07:56:13.526285+00:00"
"31","Sekolah Tinggi Manajemen industrial Indonesia","106.8656856","-6.17037","pendidikan","108","https://regionalinvestment.bkpm.go.id/be/daerah/get_pendidikan_by_prov/31?_t=1789889629722","2026-09-20T07:56:13.526285+00:00"
"31","Sekolah Tinggi Ilmu Komunikasi The London School Of Public Relations-Jakarta","106.817828","-6.1997622","pendidikan","109","https://regionalinvestment.bkpm.go.id/be/daerah/get_pendidikan_by_prov/31?_t=1789889629722","2026-09-20T07:56:13.526285+00:00"
"31","STIE YAI","106.8405753","-6.1829808","pendidikan","110","https://regionalinvestment.bkpm.go.id/be/daerah/get_pendidikan_by_prov/31?_t=1789889629722","2026-09-20T07:56:13.526285+00:00"
"31","Sekolah Tinggi Ilmu Administrasi - Lembaga Administrasi Negara","106.8047583","-6.2003755","pendidikan","111","https://regionalinvestment.bkpm.go.id/be/daerah/get_pendidikan_by_prov/31?_t=1789889629722","2026-09-20T07:56:13.526285+00:00"
"31","Sekolah Tinggi Teologi Baptis Kalvari","106.8386734","-6.157791423","pendidikan","112","https://regionalinvestment.bkpm.go.id/be/daerah/get_pendidikan_by_prov/31?_t=1789889629722","2026-09-20T07:56:13.526285+00:00"
"31","Sekolah Tinggi Filsafat Driyarkara","106.8668249","-6.18621","pendidikan","113","https://regionalinvestment.bkpm.go.id/be/daerah/get_pendidikan_by_prov/31?_t=1789889629722","2026-09-20T07:56:13.526285+00:00"
"31","Institut Teknologi Calvin","106.8429614","-6.152829702","pendidikan","114","https://regionalinvestment.bkpm.go.id/be/daerah/get_pendidikan_by_prov/31?_t=1789889629722","2026-09-20T07:56:13.526285+00:00"
"31","BLK Daerah Jakarta Pusat","106.8110857","-6.2107435","pendidikan","115","https://regionalinvestment.bkpm.go.id/be/daerah/get_pendidikan_by_prov/31?_t=1789889629722","2026-09-20T07:56:13.526285+00:00"
"31","Sekolah Tinggi Ilmu Maritim Ami","106.8856942","-6.1737937","pendidikan","116","https://regionalinvestment.bkpm.go.id/be/daerah/get_pendidikan_by_prov/31?_t=1789889629722","2026-09-20T07:56:13.526285+00:00"
"31","BLK Daerah Jakarta Pusat","106.8110857","-6.2107435","pendidikan","117","https://regionalinvestment.bkpm.go.id/be/daerah/get_pendidikan_by_prov/31?_t=1789889629722","2026-09-20T07:56:13.526285+00:00"
"31","Sekolah Tinggi Manajemen Asuransi Trisakti","106.8739003","-6.1869567","pendidikan","118","https://regionalinvestment.bkpm.go.id/be/daerah/get_pendidikan_by_prov/31?_t=1789889629722","2026-09-20T07:56:13.526285+00:00"
"31","Sekolah Tinggi Manajemen PPM","106.834782423032","-6.18366863387383","pendidikan","119","https://regionalinvestment.bkpm.go.id/be/daerah/get_pendidikan_by_prov/31?_t=1789889629722","2026-09-20T07:56:13.526285+00:00"
"31","Universitas Nahdlatul Ulama Indonesia","106.8509912","-6.202921376","pendidikan","120","https://regionalinvestment.bkpm.go.id/be/daerah/get_pendidikan_by_prov/31?_t=1789889629722","2026-09-20T07:56:13.526285+00:00"
"31","STMIK Jayakarta","106.8490141","-6.19806","pendidikan","121","https://regionalinvestment.bkpm.go.id/be/daerah/get_pendidikan_by_prov/31?_t=1789889629722","2026-09-20T07:56:13.526285+00:00"
"31","Institut Ilmu Sosial dan Manajemen STIAMI","106.8583263","-6.176932119","pendidikan","122","https://regionalinvestment.bkpm.go.id/be/daerah/get_pendidikan_by_prov/31?_t=1789889629722","2026-09-20T07:56:13.526285+00:00"
"31","Universitas Yarsi","106.868128","-6.1694836","pendidikan","123","https://regionalinvestment.bkpm.go.id/be/daerah/get_pendidikan_by_prov/31?_t=1789889629722","2026-09-20T07:56:13.526285+00:00"
"31","Sekolah Tinggi Ilmu Pemerintahan Abdi Negara","106.9566627","-6.1029985","pendidikan","124","https://regionalinvestment.bkpm.go.id/be/daerah/get_pendidikan_by_prov/31?_t=1789889629722","2026-09-20T07:56:13.526285+00:00"
"31","Universitas Persada Indonesia YAI Jakarta","106.7734038","-6.2612078","pendidikan","125","https://regionalinvestment.bkpm.go.id/be/daerah/get_pendidikan_by_prov/31?_t=1789889629722","2026-09-20T07:56:13.526285+00:00"
"31","Sekolah Tinggi Ilmu Kesehatan PGI Cikini","106.841423","-6.190567676","pendidikan","126","https://regionalinvestment.bkpm.go.id/be/daerah/get_pendidikan_by_prov/31?_t=1789889629722","2026-09-20T07:56:13.526285+00:00"
"31","Universitas Indonesia","106.82737","-6.3680686","pendidikan","127","https://regionalinvestment.bkpm.go.id/be/daerah/get_pendidikan_by_prov/31?_t=1789889629722","2026-09-20T07:56:13.526285+00:00"
"31","Universitas Gunadarma","106.8123686","-6.3416028","pendidikan","128","https://regionalinvestment.bkpm.go.id/be/daerah/get_pendidikan_by_prov/31?_t=1789889629722","2026-09-20T07:56:13.526285+00:00"
"31","STIE Ganesha","106.8506591","-6.1998541","pendidikan","129","https://regionalinvestment.bkpm.go.id/be/daerah/get_pendidikan_by_prov/31?_t=1789889629722","2026-09-20T07:56:13.526285+00:00"
"31","Akademi Kesehatan Gigi Puskesad","106.8356706","-6.175241854","pendidikan","130","https://regionalinvestment.bkpm.go.id/be/daerah/get_pendidikan_by_prov/31?_t=1789889629722","2026-09-20T07:56:13.526285+00:00"
"31","STT Bethel Indonesia Jakarta","106.8067395","-6.196247292","pendidikan","131","https://regionalinvestment.bkpm.go.id/be/daerah/get_pendidikan_by_prov/31?_t=1789889629722","2026-09-20T07:56:13.526285+00:00"
"31","Akademi Manajemen Keuangan YP-IPPI","106.811529323661","-6.16484803344274","pendidikan","132","https://regionalinvestment.bkpm.go.id/be/daerah/get_pendidikan_by_prov/31?_t=1789889629722","2026-09-20T07:56:13.526285+00:00"
"31","STIK Sint Carolus","106.848723","-6.1951941","pendidikan","133","https://regionalinvestment.bkpm.go.id/be/daerah/get_pendidikan_by_prov/31?_t=1789889629722","2026-09-20T07:56:13.526285+00:00"
"31","Akademi Pariwisata Nusantara Jaya","106.7801572","-6.193888","pendidikan","134","https://regionalinvestment.bkpm.go.id/be/daerah/get_pendidikan_by_prov/31?_t=1789889629722","2026-09-20T07:56:13.526285+00:00"
"31","Akademi Bahasa Asing BSI Jakarta","106.8510676","-6.1928774","pendidikan","135","https://regionalinvestment.bkpm.go.id/be/daerah/get_pendidikan_by_prov/31?_t=1789889629722","2026-09-20T07:56:13.526285+00:00"
"31","Universitas Jaya Baya","106.8744371","-6.1795361","pendidikan","136","https://regionalinvestment.bkpm.go.id/be/daerah/get_pendidikan_by_prov/31?_t=1789889629722","2026-09-20T07:56:13.526285+00:00"
"31","Universitas Bung Karno","106.8401528","-6.1993155","pendidikan","137","https://regionalinvestment.bkpm.go.id/be/daerah/get_pendidikan_by_prov/31?_t=1789889629722","2026-09-20T07:56:13.526285+00:00"
"31","Sekolah Tinggi Ilmu Administrasi Mandala Indonesia","106.8562223","-6.1769569","pendidikan","138","https://regionalinvestment.bkpm.go.id/be/daerah/get_pendidikan_by_prov/31?_t=1789889629722","2026-09-20T07:56:13.526285+00:00"
"31","Sekolah Tinggi Manajemen Labora","106.8398454","-6.1927045","pendidikan","139","https://regionalinvestment.bkpm.go.id/be/daerah/get_pendidikan_by_prov/31?_t=1789889629722","2026-09-20T07:56:13.526285+00:00"
"31","Sekolah Tinggi Ilmu Hukum IBLAM","106.800692","-6.3814781","pendidikan","140","https://regionalinvestment.bkpm.go.id/be/daerah/get_pendidikan_by_prov/31?_t=1789889629722","2026-09-20T07:56:13.526285+00:00"
"31","STIE Jakarta International College","106.8518141","-6.1734901","pendidikan","141","https://regionalinvestment.bkpm.go.id/be/daerah/get_pendidikan_by_prov/31?_t=1789889629722","2026-09-20T07:56:13.526285+00:00"
"31","STMIK Nusa Mandiri Jakarta","106.7495868","-6.203755","pendidikan","142","https://regionalinvestment.bkpm.go.id/be/daerah/get_pendidikan_by_prov/31?_t=1789889629722","2026-09-20T07:56:13.526285+00:00"
"31","Akademi Farmasi Hang Tuah Jakarta","106.8064495","-6.2125318","pendidikan","143","https://regionalinvestment.bkpm.go.id/be/daerah/get_pendidikan_by_prov/31?_t=1789889629722","2026-09-20T07:56:13.526285+00:00"
"31","Institut Kesenian Jakarta","106.8379848","-6.188388","pendidikan","144","https://regionalinvestment.bkpm.go.id/be/daerah/get_pendidikan_by_prov/31?_t=1789889629722","2026-09-20T07:56:13.526285+00:00"
"31","Politeknik LP3I","106.8403697","-6.1793396","pendidikan","145","https://regionalinvestment.bkpm.go.id/be/daerah/get_pendidikan_by_prov/31?_t=1789889629722","2026-09-20T07:56:13.526285+00:00"
"31","STIE Jayakusuma","106.8174629","-6.169754","pendidikan","146","https://regionalinvestment.bkpm.go.id/be/daerah/get_pendidikan_by_prov/31?_t=1789889629722","2026-09-20T07:56:13.526285+00:00"
"31","STIE Gotong Royong","106.7715353","-6.2749376","pendidikan","147","https://regionalinvestment.bkpm.go.id/be/daerah/get_pendidikan_by_prov/31?_t=1789889629722","2026-09-20T07:56:13.526285+00:00"
"31","PPKD Jakarta Barat","106.7178559","-6.118205","pendidikan","148","https://regionalinvestment.bkpm.go.id/be/daerah/get_pendidikan_by_prov/31?_t=1789889629722","2026-09-20T07:56:13.526285+00:00"
"31","Akademi Teknik Telekomunikasi Sandhy Putra Jakarta","106.7432493","-6.1760597","pendidikan","149","https://regionalinvestment.bkpm.go.id/be/daerah/get_pendidikan_by_prov/31?_t=1789889629722","2026-09-20T07:56:13.526285+00:00"
"31","PPKD Jakarta Barat","106.7178559","-6.118205","pendidikan","150","https://regionalinvestment.bkpm.go.id/be/daerah/get_pendidikan_by_prov/31?_t=1789889629722","2026-09-20T07:56:13.526285+00:00"
"31","Politeknik Bisnis Indonesia","106.7687623","-6.2162857","pendidikan","151","https://regionalinvestment.bkpm.go.id/be/daerah/get_pendidikan_by_prov/31?_t=1789889629722","2026-09-20T07:56:13.526285+00:00"
"31","Akademi Bahasa Asing Santa Ursula","106.8045439","-6.1488217","pendidikan","152","https://regionalinvestment.bkpm.go.id/be/daerah/get_pendidikan_by_prov/31?_t=1789889629722","2026-09-20T07:56:13.526285+00:00"
"31","AKBID Pelita Persada","106.7936543","-6.1700547","pendidikan","153","https://regionalinvestment.bkpm.go.id/be/daerah/get_pendidikan_by_prov/31?_t=1789889629722","2026-09-20T07:56:13.526285+00:00"
"31","Akademi Teknik Informatika Tunas Bangsa","106.7432493","-6.1760597","pendidikan","154","https://regionalinvestment.bkpm.go.id/be/daerah/get_pendidikan_by_prov/31?_t=1789889629722","2026-09-20T07:56:13.526285+00:00"
"31","STT Hagiasmos Mission Jakarta","106.7266413","-6.127115185","pendidikan","155","https://regionalinvestment.bkpm.go.id/be/daerah/get_pendidikan_by_prov/31?_t=1789889629722","2026-09-20T07:56:13.526285+00:00"
"31","Universitas Jakarta Internasional","106.7959383","-6.181416571","pendidikan","156","https://regionalinvestment.bkpm.go.id/be/daerah/get_pendidikan_by_prov/31?_t=1789889629722","2026-09-20T07:56:13.526285+00:00"
"31","STT Pokok Anggur Jakarta","106.7337475","-6.139314586","pendidikan","157","https://regionalinvestment.bkpm.go.id/be/daerah/get_pendidikan_by_prov/31?_t=1789889629722","2026-09-20T07:56:13.526285+00:00"
"31","STMIK Satyagama","106.6914502","-6.1682984","pendidikan","158","https://regionalinvestment.bkpm.go.id/be/daerah/get_pendidikan_by_prov/31?_t=1789889629722","2026-09-20T07:56:13.526285+00:00"
"31","Universitas Tarumanagara Jakarta","106.7863707","-6.1680294","pendidikan","159","https://regionalinvestment.bkpm.go.id/be/daerah/get_pendidikan_by_prov/31?_t=1789889629722","2026-09-20T07:56:13.526285+00:00"
"31","Universitas Trisakti  ","106.7864093","-6.1680707","pendidikan","160","https://regionalinvestment.bkpm.go.id/be/daerah/get_pendidikan_by_prov/31?_t=1789889629722","2026-09-20T07:56:13.526285+00:00"
"31","universitas Satyagama","106.7283318","-6.1434317","pendidikan","161","https://regionalinvestment.bkpm.go.id/be/daerah/get_pendidikan_by_prov/31?_t=1789889629722","2026-09-20T07:56:13.526285+00:00"
"31","Sekolah Tinggi Tekhnik PLN","106.7242813","-6.1683903","pendidikan","162","https://regionalinvestment.bkpm.go.id/be/daerah/get_pendidikan_by_prov/31?_t=1789889629722","2026-09-20T07:56:13.526285+00:00"
"31","STIE Kasih Bangsa","106.7621145","-6.2011942","pendidikan","163","https://regionalinvestment.bkpm.go.id/be/daerah/get_pendidikan_by_prov/31?_t=1789889629722","2026-09-20T07:56:13.526285+00:00"
"31","Universitas Kristen Krida Wacana","106.7780012","-6.1851545","pendidikan","164","https://regionalinvestment.bkpm.go.id/be/daerah/get_pendidikan_by_prov/31?_t=1789889629722","2026-09-20T07:56:13.526285+00:00"
"31","Universitas Dian Nusantara","106.7832255","-6.175728815","pendidikan","165","https://regionalinvestment.bkpm.go.id/be/daerah/get_pendidikan_by_prov/31?_t=1789889629722","2026-09-20T07:56:13.526285+00:00"
"31","Universitas Mercu Buana","106.7364497","-6.2092686","pendidikan","166","https://regionalinvestment.bkpm.go.id/be/daerah/get_pendidikan_by_prov/31?_t=1789889629722","2026-09-20T07:56:13.526285+00:00"
"31","Universitas Budi Luhur","106.747310438077","-6.23411875021783","pendidikan","167","https://regionalinvestment.bkpm.go.id/be/daerah/get_pendidikan_by_prov/31?_t=1789889629722","2026-09-20T07:56:13.526285+00:00"
"31","Universitas Timbul Nusantara","106.7951248","-6.1732894","pendidikan","168","https://regionalinvestment.bkpm.go.id/be/daerah/get_pendidikan_by_prov/31?_t=1789889629722","2026-09-20T07:56:13.526285+00:00"
"31","Universitas Bina Nusantara (Anggrek)","106.7815185587605","-6.201930429255032","pendidikan","169","https://regionalinvestment.bkpm.go.id/be/daerah/get_pendidikan_by_prov/31?_t=1789889629722","2026-09-20T07:56:13.526285+00:00"
"31","Universitas Bina Nusantara (Syahdan)","106.7862312","-6.1938903","pendidikan","170","https://regionalinvestment.bkpm.go.id/be/daerah/get_pendidikan_by_prov/31?_t=1789889629722","2026-09-20T07:56:13.526285+00:00"
"31","Institut Sains Dan Teknologi Nasional","106.8093538","-6.3546608","pendidikan","171","https://regionalinvestment.bkpm.go.id/be/daerah/get_pendidikan_by_prov/31?_t=1789889629722","2026-09-20T07:56:13.526285+00:00"
"31","STISIP Widuri","106.7881513","-6.2077407","pendidikan","172","https://regionalinvestment.bkpm.go.id/be/daerah/get_pendidikan_by_prov/31?_t=1789889629722","2026-09-20T07:56:13.526285+00:00"
"31","STMIK ISTB","106.785742","-6.2070349","pendidikan","173","https://regionalinvestment.bkpm.go.id/be/daerah/get_pendidikan_by_prov/31?_t=1789889629722","2026-09-20T07:56:13.526285+00:00"
"31","Akademi Teknologi Komunikasi & Informasi","106.7732873","-6.1642087","pendidikan","174","https://regionalinvestment.bkpm.go.id/be/daerah/get_pendidikan_by_prov/31?_t=1789889629722","2026-09-20T07:56:13.526285+00:00"
"31","Akademi Telkom Jakarta","106.7484844","-6.1554218","pendidikan","175","https://regionalinvestment.bkpm.go.id/be/daerah/get_pendidikan_by_prov/31?_t=1789889629722","2026-09-20T07:56:13.526285+00:00"
"31","Institut Sains dan Teknologi Al Kamal","106.7575113","-6.1865327","pendidikan","176","https://regionalinvestment.bkpm.go.id/be/daerah/get_pendidikan_by_prov/31?_t=1789889629722","2026-09-20T07:56:13.526285+00:00"
"31","STIE Bisnis Indonesia","106.7761425","-6.2212226","pendidikan","177","https://regionalinvestment.bkpm.go.id/be/daerah/get_pendidikan_by_prov/31?_t=1789889629722","2026-09-20T07:56:13.526285+00:00"
"31","STIE IGI (International Golden Institute)","106.793075","-6.198365","pendidikan","178","https://regionalinvestment.bkpm.go.id/be/daerah/get_pendidikan_by_prov/31?_t=1789889629722","2026-09-20T07:56:13.526285+00:00"
"31","Institut Teknologi dan Bisnis Kalbe","106.7963573","-6.1981497","pendidikan","179","https://regionalinvestment.bkpm.go.id/be/daerah/get_pendidikan_by_prov/31?_t=1789889629722","2026-09-20T07:56:13.526285+00:00"
"31","STMIK Jakarta Institute of Technology","106.7831466","-6.1598043","pendidikan","180","https://regionalinvestment.bkpm.go.id/be/daerah/get_pendidikan_by_prov/31?_t=1789889629722","2026-09-20T07:56:13.526285+00:00"
"31","Universitas Esa Unggul","106.7770672","-6.1861047","pendidikan","181","https://regionalinvestment.bkpm.go.id/be/daerah/get_pendidikan_by_prov/31?_t=1789889629722","2026-09-20T07:56:13.526285+00:00"
"31","STMIK Mahakarya","106.7006363","-6.1522507","pendidikan","182","https://regionalinvestment.bkpm.go.id/be/daerah/get_pendidikan_by_prov/31?_t=1789889629722","2026-09-20T07:56:13.526285+00:00"
"31","BLK Daerah Jakarta Utara","106.7432329","-6.2105629","pendidikan","183","https://regionalinvestment.bkpm.go.id/be/daerah/get_pendidikan_by_prov/31?_t=1789889629722","2026-09-20T07:56:13.526285+00:00"
"31","Sekolah Tinggi Ilmu Pelayaran","106.9586283","-6.103163646","pendidikan","184","https://regionalinvestment.bkpm.go.id/be/daerah/get_pendidikan_by_prov/31?_t=1789889629722","2026-09-20T07:56:13.526285+00:00"
"31","Universitas Bunda Mulia","106.8162689","-6.1300707","pendidikan","185","https://regionalinvestment.bkpm.go.id/be/daerah/get_pendidikan_by_prov/31?_t=1789889629722","2026-09-20T07:56:13.526285+00:00"
"31","STMIK Swadharma","106.8085393","-6.1369914","pendidikan","186","https://regionalinvestment.bkpm.go.id/be/daerah/get_pendidikan_by_prov/31?_t=1789889629722","2026-09-20T07:56:13.526285+00:00"
"31","STMIK Jibes","106.8880195","-6.1542051","pendidikan","187","https://regionalinvestment.bkpm.go.id/be/daerah/get_pendidikan_by_prov/31?_t=1789889629722","2026-09-20T07:56:13.526285+00:00"
"31","Universitas 17 AGUSTUS 1945","106.8600804","-6.1319232","pendidikan","188","https://regionalinvestment.bkpm.go.id/be/daerah/get_pendidikan_by_prov/31?_t=1789889629722","2026-09-20T07:56:13.526285+00:00"
"31","BLK Daerah Jakarta Utara","106.7432329","-6.2105629","pendidikan","189","https://regionalinvestment.bkpm.go.id/be/daerah/get_pendidikan_by_prov/31?_t=1789889629722","2026-09-20T07:56:13.526285+00:00"
"31","Politeknik Astra","106.886928","-6.136574278","pendidikan","190","https://regionalinvestment.bkpm.go.id/be/daerah/get_pendidikan_by_prov/31?_t=1789889629722","2026-09-20T07:56:13.526285+00:00"
"31","RSU KEPULAUAN SERIBU","106.7961087","-6.1673795","rumah_sakit","1","https://regionalinvestment.bkpm.go.id/be/daerah/get_rumah_sakit_by_prov/31?_t=1789889629722","2026-09-20T07:56:13.526285+00:00"
"31","RS Khusus Bedah Halimun","106.8340829","-6.206235271","rumah_sakit","2","https://regionalinvestment.bkpm.go.id/be/daerah/get_rumah_sakit_by_prov/31?_t=1789889629722","2026-09-20T07:56:13.526285+00:00"
"31","Mayapada Hospital Kuningan","106.8316107","-6.218644783","rumah_sakit","3","https://regionalinvestment.bkpm.go.id/be/daerah/get_rumah_sakit_by_prov/31?_t=1789889629722","2026-09-20T07:56:13.526285+00:00"
"31","RS Umum Siloam Mampang","106.8266907","-6.253174403","rumah_sakit","4","https://regionalinvestment.bkpm.go.id/be/daerah/get_rumah_sakit_by_prov/31?_t=1789889629722","2026-09-20T07:56:13.526285+00:00"
"31","RS Umum Daerah Kebayoran Baru","106.798662","-6.265543984","rumah_sakit","5","https://regionalinvestment.bkpm.go.id/be/daerah/get_rumah_sakit_by_prov/31?_t=1789889629722","2026-09-20T07:56:13.526285+00:00"
"31","RS Umum Daerah Pasar Minggu","106.8197503","-6.293638612","rumah_sakit","6","https://regionalinvestment.bkpm.go.id/be/daerah/get_rumah_sakit_by_prov/31?_t=1789889629722","2026-09-20T07:56:13.526285+00:00"
"31","RS Umum Jakarta","106.8164545","-6.218487897","rumah_sakit","7","https://regionalinvestment.bkpm.go.id/be/daerah/get_rumah_sakit_by_prov/31?_t=1789889629722","2026-09-20T07:56:13.526285+00:00"
"31","RSB Asih","106.77928","-6.2837749","rumah_sakit","8","https://regionalinvestment.bkpm.go.id/be/daerah/get_rumah_sakit_by_prov/31?_t=1789889629722","2026-09-20T07:56:13.526285+00:00"
"31","RS Umum Daerah Jati Padang","106.8423138","-6.285372876","rumah_sakit","9","https://regionalinvestment.bkpm.go.id/be/daerah/get_rumah_sakit_by_prov/31?_t=1789889629722","2026-09-20T07:56:13.526285+00:00"
"31","RS Umum Daerah Kebayoran Lama","106.785528","-6.24865174","rumah_sakit","10","https://regionalinvestment.bkpm.go.id/be/daerah/get_rumah_sakit_by_prov/31?_t=1789889629722","2026-09-20T07:56:13.526285+00:00"
"31","RS Agung","106.8399336","-6.2508591","rumah_sakit","11","https://regionalinvestment.bkpm.go.id/be/daerah/get_rumah_sakit_by_prov/31?_t=1789889629722","2026-09-20T07:56:13.526285+00:00"
"31","RS Jakarta","106.7988526","-6.2479678","rumah_sakit","12","https://regionalinvestment.bkpm.go.id/be/daerah/get_rumah_sakit_by_prov/31?_t=1789889629722","2026-09-20T07:56:13.526285+00:00"
"31","RSB Budhi Jaya","106.8480401","-6.2428091","rumah_sakit","13","https://regionalinvestment.bkpm.go.id/be/daerah/get_rumah_sakit_by_prov/31?_t=1789889629722","2026-09-20T07:56:13.526285+00:00"
"31","RS MMC","106.78847","-6.2439356","rumah_sakit","14","https://regionalinvestment.bkpm.go.id/be/daerah/get_rumah_sakit_by_prov/31?_t=1789889629722","2026-09-20T07:56:13.526285+00:00"
"31","RS Harapan Kartini","106.8314543","-6.2398511","rumah_sakit","15","https://regionalinvestment.bkpm.go.id/be/daerah/get_rumah_sakit_by_prov/31?_t=1789889629722","2026-09-20T07:56:13.526285+00:00"
"31","RSIA Aulia","106.8149922","-6.2190034","rumah_sakit","16","https://regionalinvestment.bkpm.go.id/be/daerah/get_rumah_sakit_by_prov/31?_t=1789889629722","2026-09-20T07:56:13.526285+00:00"
"31","RS Yadika","106.8092946","-6.3161363","rumah_sakit","17","https://regionalinvestment.bkpm.go.id/be/daerah/get_rumah_sakit_by_prov/31?_t=1789889629722","2026-09-20T07:56:13.526285+00:00"
"31","RS Indah Medika","106.7675921","-6.2382813","rumah_sakit","18","https://regionalinvestment.bkpm.go.id/be/daerah/get_rumah_sakit_by_prov/31?_t=1789889629722","2026-09-20T07:56:13.526285+00:00"
"31","RSUP Fatmawati","106.8005991","-6.255003","rumah_sakit","19","https://regionalinvestment.bkpm.go.id/be/daerah/get_rumah_sakit_by_prov/31?_t=1789889629722","2026-09-20T07:56:13.526285+00:00"
"31","RS Pusat Pertamina","106.8137363","-6.2364906","rumah_sakit","20","https://regionalinvestment.bkpm.go.id/be/daerah/get_rumah_sakit_by_prov/31?_t=1789889629722","2026-09-20T07:56:13.526285+00:00"
"31","RS AL Cilandak","106.8428579","-6.2189529","rumah_sakit","21","https://regionalinvestment.bkpm.go.id/be/daerah/get_rumah_sakit_by_prov/31?_t=1789889629722","2026-09-20T07:56:13.526285+00:00"
"31","Yayasan Kesehatan Jiwa Dharmawangsa","106.8263535","-6.214222","rumah_sakit","22","https://regionalinvestment.bkpm.go.id/be/daerah/get_rumah_sakit_by_prov/31?_t=1789889629722","2026-09-20T07:56:13.526285+00:00"
"31","RSB Panti Nugeraha","106.7936463","-6.2811204","rumah_sakit","23","https://regionalinvestment.bkpm.go.id/be/daerah/get_rumah_sakit_by_prov/31?_t=1789889629722","2026-09-20T07:56:13.526285+00:00"
"31","RS Khusus Mata Nusantara","106.7824864","-6.291650824","rumah_sakit","24","https://regionalinvestment.bkpm.go.id/be/daerah/get_rumah_sakit_by_prov/31?_t=1789889629722","2026-09-20T07:56:13.526285+00:00"
"31","RS Mata AINI Prof. dr. Isak Salim","106.8301208","-6.2199738","rumah_sakit","25","https://regionalinvestment.bkpm.go.id/be/daerah/get_rumah_sakit_by_prov/31?_t=1789889629722","2026-09-20T07:56:13.526285+00:00"
"31","RS Setia Mitra","106.8088064","-6.2361588","rumah_sakit","26","https://regionalinvestment.bkpm.go.id/be/daerah/get_rumah_sakit_by_prov/31?_t=1789889629722","2026-09-20T07:56:13.526285+00:00"
"31","RS Tebet","106.7915947","-6.3147109","rumah_sakit","27","https://regionalinvestment.bkpm.go.id/be/daerah/get_rumah_sakit_by_prov/31?_t=1789889629722","2026-09-20T07:56:13.526285+00:00"
"31","RS Pondok Indah","106.779432","-6.2838956","rumah_sakit","28","https://regionalinvestment.bkpm.go.id/be/daerah/get_rumah_sakit_by_prov/31?_t=1789889629722","2026-09-20T07:56:13.526285+00:00"
"31","RS THT Bedah Yayasan Yurino","106.8442518","-6.209096","rumah_sakit","29","https://regionalinvestment.bkpm.go.id/be/daerah/get_rumah_sakit_by_prov/31?_t=1789889629722","2026-09-20T07:56:13.526285+00:00"
"31","RSU Prikasih","106.8369255","-6.272803","rumah_sakit","30","https://regionalinvestment.bkpm.go.id/be/daerah/get_rumah_sakit_by_prov/31?_t=1789889629722","2026-09-20T07:56:13.526285+00:00"
"31","RSU Gandaria","106.7884265","-6.2439771","rumah_sakit","31","https://regionalinvestment.bkpm.go.id/be/daerah/get_rumah_sakit_by_prov/31?_t=1789889629722","2026-09-20T07:56:13.526285+00:00"
"31","RS Siaga Raya","106.7627777","-6.2587995","rumah_sakit","32","https://regionalinvestment.bkpm.go.id/be/daerah/get_rumah_sakit_by_prov/31?_t=1789889629722","2026-09-20T07:56:13.526285+00:00"
"31","RSU Tria Dipa","106.8054044","-6.257471","rumah_sakit","33","https://regionalinvestment.bkpm.go.id/be/daerah/get_rumah_sakit_by_prov/31?_t=1789889629722","2026-09-20T07:56:13.526285+00:00"
"31","RSGM Univ.Prof.Moestopo","106.8279902","-6.2713625","rumah_sakit","34","https://regionalinvestment.bkpm.go.id/be/daerah/get_rumah_sakit_by_prov/31?_t=1789889629722","2026-09-20T07:56:13.526285+00:00"
"31","RSIA Zahirah","106.8253037","-6.3346154","rumah_sakit","35","https://regionalinvestment.bkpm.go.id/be/daerah/get_rumah_sakit_by_prov/31?_t=1789889629722","2026-09-20T07:56:13.526285+00:00"
"31","RSB Kartini","106.8388814","-6.2532785","rumah_sakit","36","https://regionalinvestment.bkpm.go.id/be/daerah/get_rumah_sakit_by_prov/31?_t=1789889629722","2026-09-20T07:56:13.526285+00:00"
"31","RSIA Brawijaya Women and Children Hospital","106.7851237","-6.2416596","rumah_sakit","37","https://regionalinvestment.bkpm.go.id/be/daerah/get_rumah_sakit_by_prov/31?_t=1789889629722","2026-09-20T07:56:13.526285+00:00"
"31","RS Jakarta Medical Center (JMC)","106.7638519","-6.2672492","rumah_sakit","38","https://regionalinvestment.bkpm.go.id/be/daerah/get_rumah_sakit_by_prov/31?_t=1789889629722","2026-09-20T07:56:13.526285+00:00"
"31","RSB Durentiga","106.8079358","-6.2512416","rumah_sakit","39","https://regionalinvestment.bkpm.go.id/be/daerah/get_rumah_sakit_by_prov/31?_t=1789889629722","2026-09-20T07:56:13.526285+00:00"
"31","RSIA Muhammadiyah Taman Puring","106.8121115","-6.3437975","rumah_sakit","40","https://regionalinvestment.bkpm.go.id/be/daerah/get_rumah_sakit_by_prov/31?_t=1789889629722","2026-09-20T07:56:13.526285+00:00"
"31","RS Dr. Suyoto Pusrehab Kemhan","106.8166705","-6.2859336","rumah_sakit","41","https://regionalinvestment.bkpm.go.id/be/daerah/get_rumah_sakit_by_prov/31?_t=1789889629722","2026-09-20T07:56:13.526285+00:00"
"31","RSU MRCCC Siloam Semanggi","106.783662","-6.2986179","rumah_sakit","42","https://regionalinvestment.bkpm.go.id/be/daerah/get_rumah_sakit_by_prov/31?_t=1789889629722","2026-09-20T07:56:13.526285+00:00"
"31","Rumah Sakit Siloam Asri (Mampang)","106.803445","-6.2461851","rumah_sakit","43","https://regionalinvestment.bkpm.go.id/be/daerah/get_rumah_sakit_by_prov/31?_t=1789889629722","2026-09-20T07:56:13.526285+00:00"
"31","RSIA Andhika","106.7687283","-6.2865576","rumah_sakit","44","https://regionalinvestment.bkpm.go.id/be/daerah/get_rumah_sakit_by_prov/31?_t=1789889629722","2026-09-20T07:56:13.526285+00:00"
"31","RSIA KEMANG MEDICAL CARE","106.7821002","-6.2922739","rumah_sakit","45","https://regionalinvestment.bkpm.go.id/be/daerah/get_rumah_sakit_by_prov/31?_t=1789889629722","2026-09-20T07:56:13.526285+00:00"
"31","RS Mayapada","106.8443588","-6.2315625","rumah_sakit","46","https://regionalinvestment.bkpm.go.id/be/daerah/get_rumah_sakit_by_prov/31?_t=1789889629722","2026-09-20T07:56:13.526285+00:00"
"31","RS Bhayangkara Sespimma Polri","106.7546145","-6.2581537","rumah_sakit","47","https://regionalinvestment.bkpm.go.id/be/daerah/get_rumah_sakit_by_prov/31?_t=1789889629722","2026-09-20T07:56:13.526285+00:00"
"31","SILOAM HOSPITALS","106.824522","-6.240306","rumah_sakit","48","https://regionalinvestment.bkpm.go.id/be/daerah/get_rumah_sakit_by_prov/31?_t=1789889629722","2026-09-20T07:56:13.526285+00:00"
"31","Rumah Sakit Umum Kecamatan Tebet","106.8702193","-6.346731","rumah_sakit","49","https://regionalinvestment.bkpm.go.id/be/daerah/get_rumah_sakit_by_prov/31?_t=1789889629722","2026-09-20T07:56:13.526285+00:00"
"31","Rumah Sakit Umum Kecamatan Jagakarsa","106.8831268","-6.2026352","rumah_sakit","50","https://regionalinvestment.bkpm.go.id/be/daerah/get_rumah_sakit_by_prov/31?_t=1789889629722","2026-09-20T07:56:13.526285+00:00"
"31","RSU Kecamatan Pesanggrahan","106.8610686","-6.2559935","rumah_sakit","51","https://regionalinvestment.bkpm.go.id/be/daerah/get_rumah_sakit_by_prov/31?_t=1789889629722","2026-09-20T07:56:13.526285+00:00"
"31","RSU Kecamatan Mampang Prapatan","106.8823868","-6.2147109","rumah_sakit","52","https://regionalinvestment.bkpm.go.id/be/daerah/get_rumah_sakit_by_prov/31?_t=1789889629722","2026-09-20T07:56:13.526285+00:00"
"31","RS Medistra","106.8213706","-6.3356985","rumah_sakit","53","https://regionalinvestment.bkpm.go.id/be/daerah/get_rumah_sakit_by_prov/31?_t=1789889629722","2026-09-20T07:56:13.526285+00:00"
"31","RS Brawijaya Saharjo","106.8479033","-6.224470685","rumah_sakit","54","https://regionalinvestment.bkpm.go.id/be/daerah/get_rumah_sakit_by_prov/31?_t=1789889629722","2026-09-20T07:56:13.526285+00:00"
"31","RSU ADHYAKSA","106.8715775","-6.3457199","rumah_sakit","55","https://regionalinvestment.bkpm.go.id/be/daerah/get_rumah_sakit_by_prov/31?_t=1789889629722","2026-09-20T07:56:13.526285+00:00"
"31","RSU COLUMBIA ASIA-PULOMAS","106.8600649","-6.2867401","rumah_sakit","56","https://regionalinvestment.bkpm.go.id/be/daerah/get_rumah_sakit_by_prov/31?_t=1789889629722","2026-09-20T07:56:13.526285+00:00"
"31","RS Umum Alia Hospital","106.8970669","-6.233098812","rumah_sakit","57","https://regionalinvestment.bkpm.go.id/be/daerah/get_rumah_sakit_by_prov/31?_t=1789889629722","2026-09-20T07:56:13.526285+00:00"
"31","RSIA Restu Kasih","106.8346102","-6.1768557","rumah_sakit","58","https://regionalinvestment.bkpm.go.id/be/daerah/get_rumah_sakit_by_prov/31?_t=1789889629722","2026-09-20T07:56:13.526285+00:00"
"31","RSIA EL SHAMA","106.8980063","-6.108941","rumah_sakit","59","https://regionalinvestment.bkpm.go.id/be/daerah/get_rumah_sakit_by_prov/31?_t=1789889629722","2026-09-20T07:56:13.526285+00:00"
"31","RS Jantung Binawaluya","106.8706494","-6.308229201","rumah_sakit","60","https://regionalinvestment.bkpm.go.id/be/daerah/get_rumah_sakit_by_prov/31?_t=1789889629722","2026-09-20T07:56:13.526285+00:00"
"31","RS Umum Kecamatan Ciracas","106.7908033","-6.1263575","rumah_sakit","61","https://regionalinvestment.bkpm.go.id/be/daerah/get_rumah_sakit_by_prov/31?_t=1789889629722","2026-09-20T07:56:13.526285+00:00"
"31","RS Umum Daerah Matraman","106.8661255","-6.20610789","rumah_sakit","62","https://regionalinvestment.bkpm.go.id/be/daerah/get_rumah_sakit_by_prov/31?_t=1789889629722","2026-09-20T07:56:13.526285+00:00"
"31","RUMAH SAKIT UMUM KECAMATAN KRAMAT JATI","106.9154695","-6.1248762","rumah_sakit","63","https://regionalinvestment.bkpm.go.id/be/daerah/get_rumah_sakit_by_prov/31?_t=1789889629722","2026-09-20T07:56:13.526285+00:00"
"31","RS Umum Dr. EUIS","106.9428652","-6.245385544","rumah_sakit","64","https://regionalinvestment.bkpm.go.id/be/daerah/get_rumah_sakit_by_prov/31?_t=1789889629722","2026-09-20T07:56:13.526285+00:00"
"31","RS Umum Daerah Kramat Jati","106.8622766","-6.28657367","rumah_sakit","65","https://regionalinvestment.bkpm.go.id/be/daerah/get_rumah_sakit_by_prov/31?_t=1789889629722","2026-09-20T07:56:13.526285+00:00"
"31","RS Pusdikkes","106.8698673","-6.250831","rumah_sakit","66","https://regionalinvestment.bkpm.go.id/be/daerah/get_rumah_sakit_by_prov/31?_t=1789889629722","2026-09-20T07:56:13.526285+00:00"
"31","RS EMC Pulomas","106.883748","-6.179466885","rumah_sakit","67","https://regionalinvestment.bkpm.go.id/be/daerah/get_rumah_sakit_by_prov/31?_t=1789889629722","2026-09-20T07:56:13.526285+00:00"
"31","RSU Admira","106.8684859","-6.3083507","rumah_sakit","68","https://regionalinvestment.bkpm.go.id/be/daerah/get_rumah_sakit_by_prov/31?_t=1789889629722","2026-09-20T07:56:13.526285+00:00"
"31","RS Jantung Bina Waluya","106.8950903","-6.229296","rumah_sakit","69","https://regionalinvestment.bkpm.go.id/be/daerah/get_rumah_sakit_by_prov/31?_t=1789889629722","2026-09-20T07:56:13.526285+00:00"
"31","RSU Haji Jakarta","106.889230727945","-6.28997349102981","rumah_sakit","70","https://regionalinvestment.bkpm.go.id/be/daerah/get_rumah_sakit_by_prov/31?_t=1789889629722","2026-09-20T07:56:13.526285+00:00"
"31","RS Mediros","106.9232107","-6.2303117","rumah_sakit","71","https://regionalinvestment.bkpm.go.id/be/daerah/get_rumah_sakit_by_prov/31?_t=1789889629722","2026-09-20T07:56:13.526285+00:00"
"31","RS Umum Daerah Cipayung","106.9054962","-6.307176194","rumah_sakit","72","https://regionalinvestment.bkpm.go.id/be/daerah/get_rumah_sakit_by_prov/31?_t=1789889629722","2026-09-20T07:56:13.526285+00:00"
"31","RS KO Jakarta","106.8673907","-6.2766177","rumah_sakit","73","https://regionalinvestment.bkpm.go.id/be/daerah/get_rumah_sakit_by_prov/31?_t=1789889629722","2026-09-20T07:56:13.526285+00:00"
"31","RSUP Persahabatan","106.8895483","-6.2570286","rumah_sakit","74","https://regionalinvestment.bkpm.go.id/be/daerah/get_rumah_sakit_by_prov/31?_t=1789889629722","2026-09-20T07:56:13.526285+00:00"
"31","RSUD Budhi Asih","106.8683866","-6.269928","rumah_sakit","75","https://regionalinvestment.bkpm.go.id/be/daerah/get_rumah_sakit_by_prov/31?_t=1789889629722","2026-09-20T07:56:13.526285+00:00"
"31","RS Pusat Otak Nasional","106.8889047","-6.1823301","rumah_sakit","76","https://regionalinvestment.bkpm.go.id/be/daerah/get_rumah_sakit_by_prov/31?_t=1789889629722","2026-09-20T07:56:13.526285+00:00"
"31","Rumah Sakit Antam Medika","106.8904576","-6.3077615","rumah_sakit","77","https://regionalinvestment.bkpm.go.id/be/daerah/get_rumah_sakit_by_prov/31?_t=1789889629722","2026-09-20T07:56:13.526285+00:00"
"31","RS Khusus Daerah Duren Sawit","106.909469","-6.231961487","rumah_sakit","78","https://regionalinvestment.bkpm.go.id/be/daerah/get_rumah_sakit_by_prov/31?_t=1789889629722","2026-09-20T07:56:13.526285+00:00"
"31","RS PENGAYOM CIPINANG","106.8567834","-6.3074032","rumah_sakit","79","https://regionalinvestment.bkpm.go.id/be/daerah/get_rumah_sakit_by_prov/31?_t=1789889629722","2026-09-20T07:56:13.526285+00:00"
"31","RS Umum Hermina Jatinegara","106.8650317","-6.220427037","rumah_sakit","80","https://regionalinvestment.bkpm.go.id/be/daerah/get_rumah_sakit_by_prov/31?_t=1789889629722","2026-09-20T07:56:13.526285+00:00"
"31","RSPAU dr. Esnawan Antariksa","106.859977","-6.3036629","rumah_sakit","81","https://regionalinvestment.bkpm.go.id/be/daerah/get_rumah_sakit_by_prov/31?_t=1789889629722","2026-09-20T07:56:13.526285+00:00"
"31","RS Bhayangkara Tk. I R.SAID SUKANTO","106.8648009","-6.2223192","rumah_sakit","82","https://regionalinvestment.bkpm.go.id/be/daerah/get_rumah_sakit_by_prov/31?_t=1789889629722","2026-09-20T07:56:13.526285+00:00"
"31","Rumah Sakit Tk IV Cijantung Kesdam Jaya","106.8621676","-6.2204917","rumah_sakit","83","https://regionalinvestment.bkpm.go.id/be/daerah/get_rumah_sakit_by_prov/31?_t=1789889629722","2026-09-20T07:56:13.526285+00:00"
"31","RS UKI","106.8832743","-6.196453","rumah_sakit","84","https://regionalinvestment.bkpm.go.id/be/daerah/get_rumah_sakit_by_prov/31?_t=1789889629722","2026-09-20T07:56:13.526285+00:00"
"31","RSU Pasar Rebo","106.8818113","-6.18028","rumah_sakit","85","https://regionalinvestment.bkpm.go.id/be/daerah/get_rumah_sakit_by_prov/31?_t=1789889629722","2026-09-20T07:56:13.526285+00:00"
"31","RS Premier Jatinegara","106.9308793","-6.219992","rumah_sakit","86","https://regionalinvestment.bkpm.go.id/be/daerah/get_rumah_sakit_by_prov/31?_t=1789889629722","2026-09-20T07:56:13.526285+00:00"
"31","RSIA Hermina","106.8827765","-6.1759114","rumah_sakit","87","https://regionalinvestment.bkpm.go.id/be/daerah/get_rumah_sakit_by_prov/31?_t=1789889629722","2026-09-20T07:56:13.526285+00:00"
"31","RSK Bedah Rawamangun","106.9073132","-6.2480477","rumah_sakit","88","https://regionalinvestment.bkpm.go.id/be/daerah/get_rumah_sakit_by_prov/31?_t=1789889629722","2026-09-20T07:56:13.526285+00:00"
"31","RS Omni Medical Center","106.9041711","-6.1948416","rumah_sakit","89","https://regionalinvestment.bkpm.go.id/be/daerah/get_rumah_sakit_by_prov/31?_t=1789889629722","2026-09-20T07:56:13.526285+00:00"
"31","RS Islam Jakarta Timur","106.8656562","-6.3030178","rumah_sakit","90","https://regionalinvestment.bkpm.go.id/be/daerah/get_rumah_sakit_by_prov/31?_t=1789889629722","2026-09-20T07:56:13.526285+00:00"
"31","RSU Kartika Pulo Mas","106.8163792","-6.1958545","rumah_sakit","91","https://regionalinvestment.bkpm.go.id/be/daerah/get_rumah_sakit_by_prov/31?_t=1789889629722","2026-09-20T07:56:13.526285+00:00"
"31","RS Harum","106.884232","-6.1958591","rumah_sakit","92","https://regionalinvestment.bkpm.go.id/be/daerah/get_rumah_sakit_by_prov/31?_t=1789889629722","2026-09-20T07:56:13.526285+00:00"
"31","RS Harapan Jayakarta","106.9015703","-6.179651","rumah_sakit","93","https://regionalinvestment.bkpm.go.id/be/daerah/get_rumah_sakit_by_prov/31?_t=1789889629722","2026-09-20T07:56:13.526285+00:00"
"31","RS Harapan Bunda","106.8871436","-6.2899929","rumah_sakit","94","https://regionalinvestment.bkpm.go.id/be/daerah/get_rumah_sakit_by_prov/31?_t=1789889629722","2026-09-20T07:56:13.526285+00:00"
"31","RS Yadika","106.9309003","-6.222165","rumah_sakit","95","https://regionalinvestment.bkpm.go.id/be/daerah/get_rumah_sakit_by_prov/31?_t=1789889629722","2026-09-20T07:56:13.526285+00:00"
"31","RS Dharma Nugraha","106.8432326","-6.1546134","rumah_sakit","96","https://regionalinvestment.bkpm.go.id/be/daerah/get_rumah_sakit_by_prov/31?_t=1789889629722","2026-09-20T07:56:13.526285+00:00"
"31","Rumah Sakit Jiwa Islam Klender","106.8892543","-6.1819","rumah_sakit","97","https://regionalinvestment.bkpm.go.id/be/daerah/get_rumah_sakit_by_prov/31?_t=1789889629722","2026-09-20T07:56:13.526285+00:00"
"31","Rumah Sakit Ibu dan Anak Hermina Kemayoran","106.8948838","-6.2331676","rumah_sakit","98","https://regionalinvestment.bkpm.go.id/be/daerah/get_rumah_sakit_by_prov/31?_t=1789889629722","2026-09-20T07:56:13.526285+00:00"
"31","RS Ibu dan Anak Sayyidah","106.9395933","-6.20878","rumah_sakit","99","https://regionalinvestment.bkpm.go.id/be/daerah/get_rumah_sakit_by_prov/31?_t=1789889629722","2026-09-20T07:56:13.526285+00:00"
"31","Rumah Sakit Bersalin Avisena","106.8531649","-6.3083498","rumah_sakit","100","https://regionalinvestment.bkpm.go.id/be/daerah/get_rumah_sakit_by_prov/31?_t=1789889629722","2026-09-20T07:56:13.526285+00:00"
"31","RSIA BUNDA ALIYAH","106.9004154","-6.1926581","rumah_sakit","101","https://regionalinvestment.bkpm.go.id/be/daerah/get_rumah_sakit_by_prov/31?_t=1789889629722","2026-09-20T07:56:13.526285+00:00"
"31","RSIA Resti Mulya","106.8682769","-6.2461081","rumah_sakit","102","https://regionalinvestment.bkpm.go.id/be/daerah/get_rumah_sakit_by_prov/31?_t=1789889629722","2026-09-20T07:56:13.526285+00:00"
"31","RUMAH SAKIT GIGI DAN MULUT ANGKATAN UDARA","106.8530462","-6.2002977","rumah_sakit","103","https://regionalinvestment.bkpm.go.id/be/daerah/get_rumah_sakit_by_prov/31?_t=1789889629722","2026-09-20T07:56:13.526285+00:00"
"31","RS Jantung Jakarta","106.8642189","-6.2656648","rumah_sakit","104","https://regionalinvestment.bkpm.go.id/be/daerah/get_rumah_sakit_by_prov/31?_t=1789889629722","2026-09-20T07:56:13.526285+00:00"
"31","RSIA SAMMARIE BASRA","106.8692828","-6.2818698","rumah_sakit","105","https://regionalinvestment.bkpm.go.id/be/daerah/get_rumah_sakit_by_prov/31?_t=1789889629722","2026-09-20T07:56:13.526285+00:00"
"31","RS Khusus JEC @Menteng","106.83678","-6.198641891","rumah_sakit","106","https://regionalinvestment.bkpm.go.id/be/daerah/get_rumah_sakit_by_prov/31?_t=1789889629722","2026-09-20T07:56:13.526285+00:00"
"31","RSU PGI CIKINI","106.8161733","-6.1805245","rumah_sakit","107","https://regionalinvestment.bkpm.go.id/be/daerah/get_rumah_sakit_by_prov/31?_t=1789889629722","2026-09-20T07:56:13.526285+00:00"
"31","Rumkit Tk II M.Ridwan Meuraksa","106.8342693","-6.1961541","rumah_sakit","108","https://regionalinvestment.bkpm.go.id/be/daerah/get_rumah_sakit_by_prov/31?_t=1789889629722","2026-09-20T07:56:13.526285+00:00"
"31","RSIA Budi Kemuliaan","106.8161733","-6.1805192","rumah_sakit","109","https://regionalinvestment.bkpm.go.id/be/daerah/get_rumah_sakit_by_prov/31?_t=1789889629722","2026-09-20T07:56:13.526285+00:00"
"31","RSIA Bunda","106.8174683","-6.1801605","rumah_sakit","110","https://regionalinvestment.bkpm.go.id/be/daerah/get_rumah_sakit_by_prov/31?_t=1789889629722","2026-09-20T07:56:13.526285+00:00"
"31","RS Jiwa Dharma Jaya","106.8575387","-6.1935675","rumah_sakit","111","https://regionalinvestment.bkpm.go.id/be/daerah/get_rumah_sakit_by_prov/31?_t=1789889629722","2026-09-20T07:56:13.526285+00:00"
"31","RSB Angkasa","106.8494213","-6.19349","rumah_sakit","112","https://regionalinvestment.bkpm.go.id/be/daerah/get_rumah_sakit_by_prov/31?_t=1789889629722","2026-09-20T07:56:13.526285+00:00"
"31","RS Pertamina Jaya","106.8080303","-6.17156","rumah_sakit","113","https://regionalinvestment.bkpm.go.id/be/daerah/get_rumah_sakit_by_prov/31?_t=1789889629722","2026-09-20T07:56:13.526285+00:00"
"31","RS Moh Husni Thamrin","106.8448073","-6.2021901","rumah_sakit","114","https://regionalinvestment.bkpm.go.id/be/daerah/get_rumah_sakit_by_prov/31?_t=1789889629722","2026-09-20T07:56:13.526285+00:00"
"31","RSK THT Bedah P.Raharja","106.8271093","-6.1898423","rumah_sakit","115","https://regionalinvestment.bkpm.go.id/be/daerah/get_rumah_sakit_by_prov/31?_t=1789889629722","2026-09-20T07:56:13.526285+00:00"
"31","RSU Tarakan","106.8418924","-6.1854758","rumah_sakit","116","https://regionalinvestment.bkpm.go.id/be/daerah/get_rumah_sakit_by_prov/31?_t=1789889629722","2026-09-20T07:56:13.526285+00:00"
"31","RSK THT Bedah Proklamasi","106.8131628","-6.1712788","rumah_sakit","117","https://regionalinvestment.bkpm.go.id/be/daerah/get_rumah_sakit_by_prov/31?_t=1789889629722","2026-09-20T07:56:13.526285+00:00"
"31","RS Abdi Waluyo","106.7642127","-6.1941429","rumah_sakit","118","https://regionalinvestment.bkpm.go.id/be/daerah/get_rumah_sakit_by_prov/31?_t=1789889629722","2026-09-20T07:56:13.526285+00:00"
"31","RS Kramat 128","106.8351213","-6.199356","rumah_sakit","119","https://regionalinvestment.bkpm.go.id/be/daerah/get_rumah_sakit_by_prov/31?_t=1789889629722","2026-09-20T07:56:13.526285+00:00"
"31","RSK THT Prof Nizar","106.856353","-6.151965","rumah_sakit","120","https://regionalinvestment.bkpm.go.id/be/daerah/get_rumah_sakit_by_prov/31?_t=1789889629722","2026-09-20T07:56:13.526285+00:00"
"31","RS Mata Jakarta Eye Center","106.8361858","-6.1870339","rumah_sakit","121","https://regionalinvestment.bkpm.go.id/be/daerah/get_rumah_sakit_by_prov/31?_t=1789889629722","2026-09-20T07:56:13.526285+00:00"
"31","RSK Bedah Bina Estetika","106.8460913","-6.1945187","rumah_sakit","122","https://regionalinvestment.bkpm.go.id/be/daerah/get_rumah_sakit_by_prov/31?_t=1789889629722","2026-09-20T07:56:13.526285+00:00"
"31","RSGM FKG Univ.Indonesia","106.8062097","-6.2117991","rumah_sakit","123","https://regionalinvestment.bkpm.go.id/be/daerah/get_rumah_sakit_by_prov/31?_t=1789889629722","2026-09-20T07:56:13.526285+00:00"
"31","RSIA Berkat Ibu","106.8277563","-6.148819","rumah_sakit","124","https://regionalinvestment.bkpm.go.id/be/daerah/get_rumah_sakit_by_prov/31?_t=1789889629722","2026-09-20T07:56:13.526285+00:00"
"31","RSIA Tambak","106.8482191","-6.1817802","rumah_sakit","125","https://regionalinvestment.bkpm.go.id/be/daerah/get_rumah_sakit_by_prov/31?_t=1789889629722","2026-09-20T07:56:13.526285+00:00"
"31","RSKGM TNI AL R.E MARTADINATA","106.7933567","-6.2947814","rumah_sakit","126","https://regionalinvestment.bkpm.go.id/be/daerah/get_rumah_sakit_by_prov/31?_t=1789889629722","2026-09-20T07:56:13.526285+00:00"
"31","RSU Kecamatan Sawah Besar","106.7913373","-6.2397601","rumah_sakit","127","https://regionalinvestment.bkpm.go.id/be/daerah/get_rumah_sakit_by_prov/31?_t=1789889629722","2026-09-20T07:56:13.526285+00:00"
"31","Rumah Sakit Umum Kecamatan Johar Baru","106.8410321","-6.1519114","rumah_sakit","128","https://regionalinvestment.bkpm.go.id/be/daerah/get_rumah_sakit_by_prov/31?_t=1789889629722","2026-09-20T07:56:13.526285+00:00"
"31","RS PAD Gatot Soebroto","106.8141889","-6.21847","rumah_sakit","129","https://regionalinvestment.bkpm.go.id/be/daerah/get_rumah_sakit_by_prov/31?_t=1789889629722","2026-09-20T07:56:13.526285+00:00"
"31","RSB Yy Pemelihara Kesehatan","106.8258213","-6.1911757","rumah_sakit","130","https://regionalinvestment.bkpm.go.id/be/daerah/get_rumah_sakit_by_prov/31?_t=1789889629722","2026-09-20T07:56:13.526285+00:00"
"31","RSK Bedah Kramat Lima","106.8738789","-6.1731876","rumah_sakit","131","https://regionalinvestment.bkpm.go.id/be/daerah/get_rumah_sakit_by_prov/31?_t=1789889629722","2026-09-20T07:56:13.526285+00:00"
"31","RSIA Evasari","106.8574583","-6.1935337","rumah_sakit","132","https://regionalinvestment.bkpm.go.id/be/daerah/get_rumah_sakit_by_prov/31?_t=1789889629722","2026-09-20T07:56:13.526285+00:00"
"31","RS Islam Jakarta Cempaka Putih","106.8200515","-6.1919247","rumah_sakit","133","https://regionalinvestment.bkpm.go.id/be/daerah/get_rumah_sakit_by_prov/31?_t=1789889629722","2026-09-20T07:56:13.526285+00:00"
"31","RS Sahid Sahirman","106.827262","-6.1476222","rumah_sakit","134","https://regionalinvestment.bkpm.go.id/be/daerah/get_rumah_sakit_by_prov/31?_t=1789889629722","2026-09-20T07:56:13.526285+00:00"
"31","RSU Dr. Cipto Mangunkusumo","106.8490483","-6.1954003","rumah_sakit","135","https://regionalinvestment.bkpm.go.id/be/daerah/get_rumah_sakit_by_prov/31?_t=1789889629722","2026-09-20T07:56:13.526285+00:00"
"31","RS AL Dr Mintoharjo","106.8396111","-6.1910319","rumah_sakit","136","https://regionalinvestment.bkpm.go.id/be/daerah/get_rumah_sakit_by_prov/31?_t=1789889629722","2026-09-20T07:56:13.526285+00:00"
"31","RS Husada","106.8685141","-6.170328","rumah_sakit","137","https://regionalinvestment.bkpm.go.id/be/daerah/get_rumah_sakit_by_prov/31?_t=1789889629722","2026-09-20T07:56:13.526285+00:00"
"31","RS Sint Carolus","106.8448519","-6.1915705","rumah_sakit","138","https://regionalinvestment.bkpm.go.id/be/daerah/get_rumah_sakit_by_prov/31?_t=1789889629722","2026-09-20T07:56:13.526285+00:00"
"31","RS Mitra Kemayoran","106.856353","-6.1519597","rumah_sakit","139","https://regionalinvestment.bkpm.go.id/be/daerah/get_rumah_sakit_by_prov/31?_t=1789889629722","2026-09-20T07:56:13.526285+00:00"
"31","Rumah Sakit Menteng Mitra Afia","106.8464212","-6.2062613","rumah_sakit","140","https://regionalinvestment.bkpm.go.id/be/daerah/get_rumah_sakit_by_prov/31?_t=1789889629722","2026-09-20T07:56:13.526285+00:00"
"31","RS Siloam Agora","106.8760365","-6.167256096","rumah_sakit","141","https://regionalinvestment.bkpm.go.id/be/daerah/get_rumah_sakit_by_prov/31?_t=1789889629722","2026-09-20T07:56:13.526285+00:00"
"31","RS Umum Daerah Tanah Abang","106.8145654","-6.19075973","rumah_sakit","142","https://regionalinvestment.bkpm.go.id/be/daerah/get_rumah_sakit_by_prov/31?_t=1789889629722","2026-09-20T07:56:13.526285+00:00"
"31","RS Umum Murni Teguh Sudirman Jakarta","106.8194623","-6.209406972","rumah_sakit","143","https://regionalinvestment.bkpm.go.id/be/daerah/get_rumah_sakit_by_prov/31?_t=1789889629722","2026-09-20T07:56:13.526285+00:00"
"31","RS Umum Daerah Cempaka Putih","106.8724631","-6.184735217","rumah_sakit","144","https://regionalinvestment.bkpm.go.id/be/daerah/get_rumah_sakit_by_prov/31?_t=1789889629722","2026-09-20T07:56:13.526285+00:00"
"31","RS Umum dr. Abdul Radjak Salemba","106.8520392","-6.193534763","rumah_sakit","145","https://regionalinvestment.bkpm.go.id/be/daerah/get_rumah_sakit_by_prov/31?_t=1789889629722","2026-09-20T07:56:13.526285+00:00"
"31","RS Puri Indah","106.7326021","-6.1429319","rumah_sakit","146","https://regionalinvestment.bkpm.go.id/be/daerah/get_rumah_sakit_by_prov/31?_t=1789889629722","2026-09-20T07:56:13.526285+00:00"
"31","RSUD Cengkareng","106.7629051","-6.1681866","rumah_sakit","147","https://regionalinvestment.bkpm.go.id/be/daerah/get_rumah_sakit_by_prov/31?_t=1789889629722","2026-09-20T07:56:13.526285+00:00"
"31","Grha Kedoya","106.7704468","-6.2031039","rumah_sakit","148","https://regionalinvestment.bkpm.go.id/be/daerah/get_rumah_sakit_by_prov/31?_t=1789889629722","2026-09-20T07:56:13.526285+00:00"
"31","Rumah Sakit Bersalin Anggrek Mas","106.7594073","-6.189643","rumah_sakit","149","https://regionalinvestment.bkpm.go.id/be/daerah/get_rumah_sakit_by_prov/31?_t=1789889629722","2026-09-20T07:56:13.526285+00:00"
"31","RS MATA JAKARTA EYE CENTER KEDOYA","106.7936944","-6.1605962","rumah_sakit","150","https://regionalinvestment.bkpm.go.id/be/daerah/get_rumah_sakit_by_prov/31?_t=1789889629722","2026-09-20T07:56:13.526285+00:00"
"31","RSIA IBNU SINA","106.7017995","-6.1267609","rumah_sakit","151","https://regionalinvestment.bkpm.go.id/be/daerah/get_rumah_sakit_by_prov/31?_t=1789889629722","2026-09-20T07:56:13.526285+00:00"
"31","Rumah Sakit Umum Kecamatan Kalideres","106.7001401","-6.1496442","rumah_sakit","152","https://regionalinvestment.bkpm.go.id/be/daerah/get_rumah_sakit_by_prov/31?_t=1789889629722","2026-09-20T07:56:13.526285+00:00"
"31","MITRA KELUARGA KALIDERES","106.702197769901","-6.14962425645909","rumah_sakit","153","https://regionalinvestment.bkpm.go.id/be/daerah/get_rumah_sakit_by_prov/31?_t=1789889629722","2026-09-20T07:56:13.526285+00:00"
"31","RSJ Dr Soeharto Heerjan Jakarta","106.7953653","-6.187216","rumah_sakit","154","https://regionalinvestment.bkpm.go.id/be/daerah/get_rumah_sakit_by_prov/31?_t=1789889629722","2026-09-20T07:56:13.526285+00:00"
"31","RS Bhakti Mulia","106.7868413","-6.163142","rumah_sakit","155","https://regionalinvestment.bkpm.go.id/be/daerah/get_rumah_sakit_by_prov/31?_t=1789889629722","2026-09-20T07:56:13.526285+00:00"
"31","RS Pelni Petamburan","106.7983608","-6.1996277","rumah_sakit","156","https://regionalinvestment.bkpm.go.id/be/daerah/get_rumah_sakit_by_prov/31?_t=1789889629722","2026-09-20T07:56:13.526285+00:00"
"31","RS Sumber Waras","106.8023892","-6.1929041","rumah_sakit","157","https://regionalinvestment.bkpm.go.id/be/daerah/get_rumah_sakit_by_prov/31?_t=1789889629722","2026-09-20T07:56:13.526285+00:00"
"31","RS Manuela","106.8219724","-6.152286","rumah_sakit","158","https://regionalinvestment.bkpm.go.id/be/daerah/get_rumah_sakit_by_prov/31?_t=1789889629722","2026-09-20T07:56:13.526285+00:00"
"31","RS Umum Daerah Taman Sari","106.8193146","-6.143775854","rumah_sakit","159","https://regionalinvestment.bkpm.go.id/be/daerah/get_rumah_sakit_by_prov/31?_t=1789889629722","2026-09-20T07:56:13.526285+00:00"
"31","RSIA Metro Hospitals Kebon Jeruk","106.7714899","-6.185369832","rumah_sakit","160","https://regionalinvestment.bkpm.go.id/be/daerah/get_rumah_sakit_by_prov/31?_t=1789889629722","2026-09-20T07:56:13.526285+00:00"
"31","RS Umum Daerah Kembangan","106.7364158","-6.193889394","rumah_sakit","161","https://regionalinvestment.bkpm.go.id/be/daerah/get_rumah_sakit_by_prov/31?_t=1789889629722","2026-09-20T07:56:13.526285+00:00"
"31","RSGM Yayasan Trisakti","106.793581972142","-6.16731700952888","rumah_sakit","162","https://regionalinvestment.bkpm.go.id/be/daerah/get_rumah_sakit_by_prov/31?_t=1789889629722","2026-09-20T07:56:13.526285+00:00"
"31","RS Umum Ciputra Hospital Citragarden City","106.7045401","-6.123163882","rumah_sakit","163","https://regionalinvestment.bkpm.go.id/be/daerah/get_rumah_sakit_by_prov/31?_t=1789889629722","2026-09-20T07:56:13.526285+00:00"
"31","RS Ukrida","106.7809981","-6.185122489","rumah_sakit","164","https://regionalinvestment.bkpm.go.id/be/daerah/get_rumah_sakit_by_prov/31?_t=1789889629722","2026-09-20T07:56:13.526285+00:00"
"31","RS Umum Daerah Pademangan","106.8401841","-6.13257928","rumah_sakit","165","https://regionalinvestment.bkpm.go.id/be/daerah/get_rumah_sakit_by_prov/31?_t=1789889629722","2026-09-20T07:56:13.526285+00:00"
"31","RSAB Harapan Kita","106.796371","-6.1853345","rumah_sakit","166","https://regionalinvestment.bkpm.go.id/be/daerah/get_rumah_sakit_by_prov/31?_t=1789889629722","2026-09-20T07:56:13.526285+00:00"
"31","RSJP Harapan Kita","106.7613146","-6.1908646","rumah_sakit","167","https://regionalinvestment.bkpm.go.id/be/daerah/get_rumah_sakit_by_prov/31?_t=1789889629722","2026-09-20T07:56:13.526285+00:00"
"31","Siloam Hospitals Kebon Jeruk","106.75937","-6.187862","rumah_sakit","168","https://regionalinvestment.bkpm.go.id/be/daerah/get_rumah_sakit_by_prov/31?_t=1789889629722","2026-09-20T07:56:13.526285+00:00"
"31","RSU Al-Kamal","106.790489","-6.1973003","rumah_sakit","169","https://regionalinvestment.bkpm.go.id/be/daerah/get_rumah_sakit_by_prov/31?_t=1789889629722","2026-09-20T07:56:13.526285+00:00"
"31","RS Kanker Dharmais","106.7971131","-6.1840135","rumah_sakit","170","https://regionalinvestment.bkpm.go.id/be/daerah/get_rumah_sakit_by_prov/31?_t=1789889629722","2026-09-20T07:56:13.526285+00:00"
"31","RS Patria IKKT","106.7757061","-6.2183308","rumah_sakit","171","https://regionalinvestment.bkpm.go.id/be/daerah/get_rumah_sakit_by_prov/31?_t=1789889629722","2026-09-20T07:56:13.526285+00:00"
"31","RS Medika Permata Hijau","106.7101024","-6.1529355","rumah_sakit","172","https://regionalinvestment.bkpm.go.id/be/daerah/get_rumah_sakit_by_prov/31?_t=1789889629722","2026-09-20T07:56:13.526285+00:00"
"31","RSIA Hermina Daan Mogot","106.7535782","-6.1680748","rumah_sakit","173","https://regionalinvestment.bkpm.go.id/be/daerah/get_rumah_sakit_by_prov/31?_t=1789889629722","2026-09-20T07:56:13.526285+00:00"
"31","RSK Bedah Cinta Kasih Tzu Chi","106.7589881","-6.1873584","rumah_sakit","174","https://regionalinvestment.bkpm.go.id/be/daerah/get_rumah_sakit_by_prov/31?_t=1789889629722","2026-09-20T07:56:13.526285+00:00"
"31","RS Puri Mandiri Kedoya","106.7832436","-6.1666791","rumah_sakit","175","https://regionalinvestment.bkpm.go.id/be/daerah/get_rumah_sakit_by_prov/31?_t=1789889629722","2026-09-20T07:56:13.526285+00:00"
"31","RS Royal Taruma","106.7690853","-6.185586","rumah_sakit","176","https://regionalinvestment.bkpm.go.id/be/daerah/get_rumah_sakit_by_prov/31?_t=1789889629722","2026-09-20T07:56:13.526285+00:00"
"31","RSIA Bina Sehat Mandiri","106.7331685","-6.1861423","rumah_sakit","177","https://regionalinvestment.bkpm.go.id/be/daerah/get_rumah_sakit_by_prov/31?_t=1789889629722","2026-09-20T07:56:13.526285+00:00"
"31","RS Gading Pluit","106.9210385","-6.1558708","rumah_sakit","178","https://regionalinvestment.bkpm.go.id/be/daerah/get_rumah_sakit_by_prov/31?_t=1789889629722","2026-09-20T07:56:13.526285+00:00"
"31","RS Sukmul","106.8370033","-6.1305197","rumah_sakit","179","https://regionalinvestment.bkpm.go.id/be/daerah/get_rumah_sakit_by_prov/31?_t=1789889629722","2026-09-20T07:56:13.526285+00:00"
"31","RSIA Puri Medika","106.9137967","-6.1663315","rumah_sakit","180","https://regionalinvestment.bkpm.go.id/be/daerah/get_rumah_sakit_by_prov/31?_t=1789889629722","2026-09-20T07:56:13.526285+00:00"
"31","RS ROYAL PROGRESS","106.7881099","-6.1334723","rumah_sakit","181","https://regionalinvestment.bkpm.go.id/be/daerah/get_rumah_sakit_by_prov/31?_t=1789889629722","2026-09-20T07:56:13.526285+00:00"
"31","RS Islam Jakarta Utara","106.7504737","-6.1118446","rumah_sakit","182","https://regionalinvestment.bkpm.go.id/be/daerah/get_rumah_sakit_by_prov/31?_t=1789889629722","2026-09-20T07:56:13.526285+00:00"
"31","RS Satya Negara","106.797412","-6.1256882","rumah_sakit","183","https://regionalinvestment.bkpm.go.id/be/daerah/get_rumah_sakit_by_prov/31?_t=1789889629722","2026-09-20T07:56:13.526285+00:00"
"31","RSPI Prof.Dr. Sulianti S.","106.9187713","-6.13979","rumah_sakit","184","https://regionalinvestment.bkpm.go.id/be/daerah/get_rumah_sakit_by_prov/31?_t=1789889629722","2026-09-20T07:56:13.526285+00:00"
"31","RS Akademik Atma Jaya","106.8799774","-6.1122834","rumah_sakit","185","https://regionalinvestment.bkpm.go.id/be/daerah/get_rumah_sakit_by_prov/31?_t=1789889629722","2026-09-20T07:56:13.526285+00:00"
"31","RS Umum Daerah Tanjung Priok","106.8889526","-6.115694627","rumah_sakit","186","https://regionalinvestment.bkpm.go.id/be/daerah/get_rumah_sakit_by_prov/31?_t=1789889629722","2026-09-20T07:56:13.526285+00:00"
"31","RSUD Koja","106.8598113","-6.13039","rumah_sakit","187","https://regionalinvestment.bkpm.go.id/be/daerah/get_rumah_sakit_by_prov/31?_t=1789889629722","2026-09-20T07:56:13.526285+00:00"
"31","RS Port Medical Center","106.8792822","-6.1171648","rumah_sakit","188","https://regionalinvestment.bkpm.go.id/be/daerah/get_rumah_sakit_by_prov/31?_t=1789889629722","2026-09-20T07:56:13.526285+00:00"
"31","RS Mitra Keluarga Kelapa Gading","106.9041932","-6.1293433","rumah_sakit","189","https://regionalinvestment.bkpm.go.id/be/daerah/get_rumah_sakit_by_prov/31?_t=1789889629722","2026-09-20T07:56:13.526285+00:00"
"31","RS Pluit","106.8880103","-6.1291006","rumah_sakit","190","https://regionalinvestment.bkpm.go.id/be/daerah/get_rumah_sakit_by_prov/31?_t=1789889629722","2026-09-20T07:56:13.526285+00:00"
"31","Rumah Sakit Umum Kecamatan Cilincing","106.9240884","-6.1130249","rumah_sakit","191","https://regionalinvestment.bkpm.go.id/be/daerah/get_rumah_sakit_by_prov/31?_t=1789889629722","2026-09-20T07:56:13.526285+00:00"
"31","RSIA Family","106.8872587","-6.1103427","rumah_sakit","192","https://regionalinvestment.bkpm.go.id/be/daerah/get_rumah_sakit_by_prov/31?_t=1789889629722","2026-09-20T07:56:13.526285+00:00"
"31","RSU Pekerja","106.9240768","-6.1130082","rumah_sakit","193","https://regionalinvestment.bkpm.go.id/be/daerah/get_rumah_sakit_by_prov/31?_t=1789889629722","2026-09-20T07:56:13.526285+00:00"
"31","RUMAH SAKIT BERSALIN ST. YUSUF","106.8261021","-6.1233015","rumah_sakit","194","https://regionalinvestment.bkpm.go.id/be/daerah/get_rumah_sakit_by_prov/31?_t=1789889629722","2026-09-20T07:56:13.526285+00:00"
"31","RS Pelabuhan Tg.Priok","106.8594673","-6.1389767","rumah_sakit","195","https://regionalinvestment.bkpm.go.id/be/daerah/get_rumah_sakit_by_prov/31?_t=1789889629722","2026-09-20T07:56:13.526285+00:00"
"31","RS DUTA INDAH","106.7837764867","-6.13837735033873","rumah_sakit","196","https://regionalinvestment.bkpm.go.id/be/daerah/get_rumah_sakit_by_prov/31?_t=1789889629722","2026-09-20T07:56:13.526285+00:00"
"31","RSIA Grand Family","106.904976","-6.1273785","rumah_sakit","197","https://regionalinvestment.bkpm.go.id/be/daerah/get_rumah_sakit_by_prov/31?_t=1789889629722","2026-09-20T07:56:13.526285+00:00"
"31","RS Islam Jakarta Sukapura","106.9208389","-6.139634053","rumah_sakit","198","https://regionalinvestment.bkpm.go.id/be/daerah/get_rumah_sakit_by_prov/31?_t=1789889629722","2026-09-20T07:56:13.526285+00:00"
"31","RUMAH SAKIT KHUSUS PARU FIRDAUS","106.7815868","-6.1383772","rumah_sakit","199","https://regionalinvestment.bkpm.go.id/be/daerah/get_rumah_sakit_by_prov/31?_t=1789889629722","2026-09-20T07:56:13.526285+00:00"
"31","RS Umum Hermina Podomoro","106.8615055","-6.145317075","rumah_sakit","200","https://regionalinvestment.bkpm.go.id/be/daerah/get_rumah_sakit_by_prov/31?_t=1789889629722","2026-09-20T07:56:13.526285+00:00"
"31","RS Umum Tzu Chi Hospital","106.7396883","-6.105929358","rumah_sakit","201","https://regionalinvestment.bkpm.go.id/be/daerah/get_rumah_sakit_by_prov/31?_t=1789889629722","2026-09-20T07:56:13.526285+00:00"
"31","RS Pantai Indah Kapuk","106.8949681","-6.1518786","rumah_sakit","202","https://regionalinvestment.bkpm.go.id/be/daerah/get_rumah_sakit_by_prov/31?_t=1789889629722","2026-09-20T07:56:13.526285+00:00"
"31","RS Mulyasari","106.7366212","-6.1229736","rumah_sakit","203","https://regionalinvestment.bkpm.go.id/be/daerah/get_rumah_sakit_by_prov/31?_t=1789889629722","2026-09-20T07:56:13.526285+00:00"
"31","Rumah Sakit Umum Daerah Tugu Koja","106.8406844","-6.1544569","rumah_sakit","204","https://regionalinvestment.bkpm.go.id/be/daerah/get_rumah_sakit_by_prov/31?_t=1789889629722","2026-09-20T07:56:13.526285+00:00"